INSERT INTO categorias_evento (nombre, descripcion, estado) VALUES
('Conciertos Rock', 'Eventos musicales de rock y derivados', 'Activa'),
('Exposiciones Arte', 'Muestras y galerías de arte visual', 'Activa'),
('Conferencias Tecnología', 'Charlas sobre avances tecnológicos', 'Activa'),
('Festivales Gastronomía', 'Eventos culinarios y degustaciones', 'Activa'),
('Teatro Contemporáneo', 'Representaciones teatrales actuales', 'Activa'),
('Danza Moderna', 'Espectáculos de danza contemporánea', 'Activa'),
('Cine Independiente', 'Proyecciones de películas independientes', 'Activa'),
('Ferias Libro', 'Eventos literarios y presentaciones', 'Activa'),
('Conciertos Clásica', 'Música clásica y sinfónica', 'Activa'),
('Talleres Creativos', 'Actividades para desarrollo de habilidades', 'Activa'),
('Seminarios Empresariales', 'Eventos formativos para profesionales', 'Activa'),
('Festivales Jazz', 'Conciertos y jam sessions de jazz', 'Activa'),
('Exposiciones Fotografía', 'Muestras de fotografía artística', 'Activa'),
('Congresos Médicos', 'Reuniones científicas de medicina', 'Activa'),
('Ferias Tecnológicas', 'Exposiciones de avances tecnológicos', 'Activa'),
('Conciertos Pop', 'Eventos musicales de música pop', 'Activa'),
('Teatro Musical', 'Representaciones teatrales con música', 'Activa'),
('Conferencias Científicas', 'Charlas sobre avances científicos', 'Activa'),
('Festivales Cine', 'Eventos cinematográficos temáticos', 'Activa'),
('Maratones Deportivas', 'Competencias de resistencia física', 'Activa'),
('Torneos E-Sports', 'Competiciones de videojuegos', 'Activa'),
('Ferias Artesanales', 'Exposiciones de trabajos artesanales', 'Activa'),
('Conciertos Electrónica', 'Eventos de música electrónica', 'Activa'),
('Talleres Literatura', 'Actividades de creación literaria', 'Activa'),
('Exposiciones Historia', 'Muestras sobre eventos históricos', 'Activa'),
('Conferencias Filosofía', 'Charlas sobre pensamiento filosófico', 'Activa'),
('Festivales Danza', 'Eventos de danza internacional', 'Activa'),
('Teatro Clásico', 'Representaciones de obras clásicas', 'Activa'),
('Conciertos Indie', 'Música independiente y alternativa', 'Activa'),
('Ferias Educativas', 'Eventos sobre opciones educativas', 'Activa'),
('Seminarios Marketing', 'Formación en estrategias de mercado', 'Activa'),
('Exposiciones Escultura', 'Muestras de arte escultórico', 'Activa'),
('Conferencias Psicología', 'Charlas sobre salud mental', 'Activa'),
('Festivales Folk', 'Eventos de música tradicional', 'Activa'),
('Teatro Infantil', 'Representaciones para público infantil', 'Activa'),
('Conciertos Flamenco', 'Espectáculos de cante y baile flamenco', 'Activa'),
('Talleres Fotografía', 'Actividades de aprendizaje fotográfico', 'Activa'),
('Exposiciones Interactivas', 'Muestras con participación del público', 'Activa'),
('Conferencias Historia', 'Charlas sobre eventos históricos', 'Activa'),
('Festivales Teatro', 'Eventos de representaciones teatrales', 'Activa'),
('Maratones Cine', 'Proyecciones continuas temáticas', 'Activa'),
('Torneos Ajedrez', 'Competiciones de ajedrez', 'Activa'),
('Ferias Moda', 'Exposiciones de diseño de moda', 'Activa'),
('Conciertos Ópera', 'Representaciones operísticas', 'Activa'),
('Talleres Cocina', 'Actividades gastronómicas prácticas', 'Activa'),
('Exposiciones Tecnológicas', 'Muestras de innovaciones técnicas', 'Activa'),
('Conferencias Literatura', 'Charlas sobre obras literarias', 'Activa'),
('Festivales Humor', 'Eventos de comedia y entretenimiento', 'Activa'),
('Teatro Experimental', 'Representaciones de vanguardia', 'Activa'),
('Conciertos Reggae', 'Música reggae y derivados', 'Activa'),
('Ferias Ciencia', 'Eventos de divulgación científica', 'Activa'),
('Seminarios Finanzas', 'Formación en gestión financiera', 'Activa'),
('Exposiciones Arquitectura', 'Muestras sobre diseño arquitectónico', 'Activa'),
('Conferencias Economía', 'Charlas sobre tendencias económicas', 'Activa'),
('Festivales Infantiles', 'Eventos para público familiar', 'Activa'),
('Teatro Social', 'Representaciones de temática social', 'Activa'),
('Conciertos Hip Hop', 'Música urbana y cultura hip hop', 'Activa'),
('Talleres Arte', 'Actividades de creación artística', 'Activa'),
('Exposiciones Pintura', 'Muestras de arte pictórico', 'Activa'),
('Conferencias Educación', 'Charlas sobre innovación educativa', 'Activa'),
('Festivales Música', 'Eventos musicales multigenero', 'Activa'),
('Maratones Solidarias', 'Competencias con fines benéficos', 'Activa'),
('Torneos Debate', 'Competiciones de oratoria', 'Activa'),
('Ferias Empleo', 'Exposiciones de ofertas laborales', 'Activa'),
('Conciertos Acústicos', 'Música sin amplificación', 'Activa'),
('Talleres Teatro', 'Actividades de interpretación dramática', 'Activa'),
('Exposiciones Ciencia', 'Muestras de avances científicos', 'Activa'),
('Conferencias Arte', 'Charlas sobre movimientos artísticos', 'Activa'),
('Festivales Poesía', 'Eventos de recitales poéticos', 'Activa'),
('Teatro Político', 'Representaciones de contenido político', 'Activa'),
('Conciertos Blues', 'Música blues y derivados', 'Activa'),
('Ferias Tecnología', 'Eventos sobre innovación tecnológica', 'Activa'),
('Seminarios Liderazgo', 'Formación en habilidades directivas', 'Activa'),
('Exposiciones Moda', 'Muestras de diseño de indumentaria', 'Activa'),
('Conferencias Medioambiente', 'Charlas sobre ecología', 'Activa'),
('Festivales Cortometrajes', 'Eventos de cine breve', 'Activa'),
('Teatro Danza', 'Representaciones que fusionan teatro y danza', 'Activa'),
('Conciertos Sinfónicos', 'Música orquestal', 'Activa'),
('Talleres Danza', 'Actividades de aprendizaje de baile', 'Activa'),
('Exposiciones Multimedia', 'Muestras con recursos tecnológicos', 'Activa'),
('Conferencias Nutrición', 'Charlas sobre alimentación saludable', 'Activa'),
('Festivales Culturales', 'Eventos de expresiones culturales diversas', 'Activa'),
('Maratones Programación', 'Competencias de desarrollo de software', 'Activa'),
('Torneos Deportivos', 'Competiciones deportivas variadas', 'Inactiva'),
('Ferias Salud', 'Exposiciones sobre bienestar y salud', 'Inactiva'),
('Conciertos Jazz Fusión', 'Música jazz con influencias modernas', 'Inactiva'),
('Talleres Escritura', 'Actividades de creación de textos', 'Inactiva'),
('Exposiciones Numismática', 'Muestras de colecciones de monedas', 'Inactiva'),
('Conferencias Astronomía', 'Charlas sobre ciencias espaciales', 'Inactiva'),
('Festivales Electrónicos', 'Eventos de música electrónica', 'Inactiva'),
('Teatro Circo', 'Representaciones circenses teatralizadas', 'Inactiva'),
('Conciertos Folclóricos', 'Música tradicional y étnica', 'Inactiva'),
('Ferias Inmobiliarias', 'Eventos de propiedades y viviendas', 'Inactiva'),
('Seminarios Comunicación', 'Formación en habilidades comunicativas', 'Inactiva'),
('Exposiciones Arqueología', 'Muestras de hallazgos arqueológicos', 'Inactiva'),
('Exposiciones Gimnasia', 'Muestra de talentos gimnásticos', 'Activa'),
('Exposiciones Tecnología', 'Exposición de nuevas tecnologías', 'Activa'),
('Pasarela', 'Pasarela de moda', 'Inactiva'),
('Procesiones', 'Procesiones religiosas', 'Inactiva'),
('Concurso cocina', 'Concurso de cocina de 50 países', 'Inactiva');

INSERT INTO sedes (nombre, direccion, capacidad_maxima, contacto_principal, telefono, email, coordenadas_gps, accesibilidad_discapacitados, estado) VALUES
('Teatro Municipal', 'Av. Principal 123, Centro', 1200, 'Carlos Mendoza', '+1234567890', 'teatro.municipal@example.com', '40.7128,-74.0060', TRUE, 'Activa'),
('Centro de Convenciones Metropolitano', 'Calle Comercial 456, Distrito Financiero', 5000, 'Lucía Fernández', '+1234567891', 'cc.metropolitano@example.com', '40.7129,-74.0061', TRUE, 'Activa'),
('Auditorio Nacional', 'Av. de la Cultura 789, Distrito Cultural', 3000, 'Manuel Ortega', '+1234567892', 'auditorio.nacional@example.com', '40.7130,-74.0062', TRUE, 'Activa'),
('Sala Sinfónica', 'Plaza de las Artes 234, Centro Cultural', 800, 'Elena Vargas', '+1234567893', 'sala.sinfonica@example.com', '40.7131,-74.0063', TRUE, 'Activa'),
('Arena Deportiva Central', 'Av. Olímpica 567, Barrio Deportivo', 15000, 'Ricardo Torres', '+1234567894', 'arena.deportiva@example.com', '40.7132,-74.0064', TRUE, 'Activa'),
('Estadio Municipal', 'Calle del Deporte 890, Zona Deportiva', 20000, 'Ana Martínez', '+1234567895', 'estadio.municipal@example.com', '40.7133,-74.0065', TRUE, 'Activa'),
('Palacio de Congresos', 'Av. de los Congresos 1234, Zona Empresarial', 3500, 'Pablo Ruiz', '+1234567896', 'palacio.congresos@example.com', '40.7134,-74.0066', TRUE, 'Activa'),
('Centro Cultural Universitario', 'Campus Universitario s/n, Ciudad Universitaria', 1500, 'Sofía Navarro', '+1234567897', 'ccu@example.com', '40.7135,-74.0067', TRUE, 'Activa'),
('Foro Alternativo', 'Calle Independencia 456, Barrio Bohemio', 500, 'Diego Morales', '+1234567898', 'foro.alternativo@example.com', '40.7136,-74.0068', FALSE, 'Activa'),
('Plaza de Toros', 'Av. Taurina 789, Zona Tradicional', 10000, 'Laura Gutiérrez', '+1234567899', 'plaza.toros@example.com', '40.7137,-74.0069', TRUE, 'Activa'),
('Pabellón Multiusos', 'Calle Polivalente 123, Distrito Norte', 5000, 'Fernando López', '+1234567810', 'pabellon.multiusos@example.com', '40.7138,-74.0070', TRUE, 'Activa'),
('Centro Histórico de Arte', 'Plaza Mayor 1, Centro Histórico', 300, 'María Sánchez', '+1234567811', 'centro.arte@example.com', '40.7139,-74.0071', FALSE, 'Activa'),
('Palacio de Deportes', 'Av. Deportiva 234, Complejo Deportivo', 8000, 'Javier Hernández', '+1234567812', 'palacio.deportes@example.com', '40.7140,-74.0072', TRUE, 'Activa'),
('Sala de Exposiciones La Moderna', 'Calle Arte Nuevo 567, Barrio Moderno', 200, 'Carmen Díaz', '+1234567813', 'la.moderna@example.com', '40.7141,-74.0073', TRUE, 'En Mantenimiento'),
('Teatro Experimental', 'Pasaje Cultural 890, Zona Artística', 150, 'Roberto Vega', '+1234567814', 'teatro.experimental@example.com', '40.7142,-74.0074', FALSE, 'Activa'),
('Centro Comercial Alameda', 'Alameda Central 1234, Distrito Comercial', 3000, 'Patricia Flores', '+1234567815', 'cc.alameda@example.com', '40.7143,-74.0075', TRUE, 'Activa'),
('Biblioteca Nacional', 'Av. de la Literatura 567, Centro Cívico', 600, 'Antonio Castro', '+1234567816', 'biblioteca.nacional@example.com', '40.7144,-74.0076', TRUE, 'Activa'),
('Casa de la Música', 'Calle Armonía 890, Barrio Musical', 350, 'Beatriz Jiménez', '+1234567817', 'casa.musica@example.com', '40.7145,-74.0077', TRUE, 'Activa'),
('Recinto Ferial', 'Av. Ferial 1234, Zona Industrial', 10000, 'Gonzalo Ramírez', '+1234567818', 'recinto.ferial@example.com', '40.7146,-74.0078', TRUE, 'Activa'),
('Club Social Victoria', 'Calle Victoria 567, Barrio Residencial', 400, 'Isabel Torres', '+1234567819', 'club.victoria@example.com', '40.7147,-74.0079', FALSE, 'Activa'),
('Centro Cívico Municipal', 'Plaza Cívica 890, Centro Administrativo', 800, 'Rafael Martín', '+1234567820', 'centro.civico@example.com', '40.7148,-74.0080', TRUE, 'Activa'),
('Sala Polivalente Este', 'Calle Oriental 123, Distrito Este', 600, 'Lucía Rodríguez', '+1234567821', 'polivalente.este@example.com', '40.7149,-74.0081', TRUE, 'Activa'),
('Gran Teatro Opera', 'Av. Lírica 456, Zona Cultural', 1100, 'Miguel Ángel Pérez', '+1234567822', 'gran.opera@example.com', '40.7150,-74.0082', TRUE, 'Activa'),
('Estadio Cubierto', 'Calle Deportiva 789, Complejo Olímpico', 12000, 'Rosa Martínez', '+1234567823', 'estadio.cubierto@example.com', '40.7151,-74.0083', TRUE, 'Activa'),
('Salón de Congresos Internacional', 'Av. Internacional 1234, Zona Empresarial', 2500, 'Eduardo Sánchez', '+1234567824', 'congresos.internacional@example.com', '40.7152,-74.0084', TRUE, 'Activa'),
('Museo de Arte Contemporáneo', 'Plaza del Arte 567, Barrio Artístico', 500, 'Victoria Moreno', '+1234567825', 'mac@example.com', '40.7153,-74.0085', TRUE, 'Activa'),
('Centro Cultural La Plaza', 'Calle Mayor 890, Centro Urbano', 700, 'Francisco Herrera', '+1234567826', 'cc.plaza@example.com', '40.7154,-74.0086', TRUE, 'Activa'),
('Sala Filarmónica', 'Av. de la Música 123, Distrito Musical', 950, 'Alicia Muñoz', '+1234567827', 'filarmonica@example.com', '40.7155,-74.0087', TRUE, 'Activa'),
('Parque de Exposiciones', 'Calle Exposición 456, Zona Verde', 8000, 'Raúl García', '+1234567828', 'parque.exposiciones@example.com', '40.7156,-74.0088', TRUE, 'En Mantenimiento'),
('Teatro Clásico', 'Plaza Dramática 789, Casco Antiguo', 650, 'Diana Ortiz', '+1234567829', 'teatro.clasico@example.com', '40.7157,-74.0089', FALSE, 'Activa'),
('Complejo Deportivo Norte', 'Av. Deportiva Norte 1234, Barrio Norte', 3000, 'José Luis Fernández', '+1234567830', 'deportivo.norte@example.com', '40.7158,-74.0090', TRUE, 'Activa'),
('Centro de Conferencias Elite', 'Calle Corporativa 567, Distrito Financiero', 400, 'Marta Romero', '+1234567831', 'conferencias.elite@example.com', '40.7159,-74.0091', TRUE, 'Activa'),
('Sala de Conciertos Acústica', 'Av. Sonora 890, Zona Bohemia', 300, 'Alberto Sanz', '+1234567832', 'sala.acustica@example.com', '40.7160,-74.0092', TRUE, 'Activa'),
('Pabellón Deportivo Sur', 'Calle Olímpica Sur 123, Barrio Sur', 2000, 'Teresa Vázquez', '+1234567833', 'pabellon.sur@example.com', '40.7161,-74.0093', TRUE, 'Activa'),
('Centro de Eventos Milenio', 'Plaza Milenio 456, Distrito Central', 1200, 'Sergio Castro', '+1234567834', 'eventos.milenio@example.com', '40.7162,-74.0094', TRUE, 'Activa'),
('Auditorio Municipal', 'Av. Cultural 789, Centro Administrativo', 900, 'Natalia Rojas', '+1234567835', 'auditorio.municipal@example.com', '40.7163,-74.0095', TRUE, 'Activa'),
('Club Deportivo Olímpico', 'Calle Olímpica 1234, Zona Deportiva', 1000, 'Héctor Delgado', '+1234567836', 'club.olimpico@example.com', '40.7164,-74.0096', TRUE, 'Activa'),
('Galería de Arte Moderna', 'Plaza Artística 567, Barrio Cultural', 180, 'Clara Fuentes', '+1234567837', 'galeria.moderna@example.com', '40.7165,-74.0097', TRUE, 'Activa'),
('Estadio de Atletismo', 'Av. Atlética 890, Complejo Olímpico', 6000, 'Daniel Ruiz', '+1234567838', 'estadio.atletismo@example.com', '40.7166,-74.0098', TRUE, 'Activa'),
('Centro de Artes Escénicas', 'Calle Teatro 123, Distrito Cultural', 750, 'Silvia Morales', '+1234567839', 'artes.escenicas@example.com', '40.7167,-74.0099', TRUE, 'Activa'),
('Palacio de Ferias', 'Av. Comercial 456, Zona Ferial', 15000, 'Víctor Navarro', '+1234567840', 'palacio.ferias@example.com', '40.7168,-74.0100', TRUE, 'Activa'),
('Sala Alternativa Underground', 'Callejón Alternativo 789, Barrio Bohemio', 100, 'Laura Medina', '+1234567841', 'underground@example.com', '40.7169,-74.0101', FALSE, 'Activa'),
('Complejo Cultural Oriental', 'Plaza Oriental 1234, Distrito Este', 1800, 'Roberto Herrera', '+1234567842', 'complejo.oriental@example.com', '40.7170,-74.0102', TRUE, 'Activa'),
('Centro Deportivo Municipal', 'Calle Deportes 567, Centro Ciudad', 2500, 'Marina López', '+1234567843', 'deportivo.municipal@example.com', '40.7171,-74.0103', TRUE, 'Activa'),
('Auditorio Universidad', 'Campus Central s/n, Ciudad Universitaria', 600, 'Jorge Sánchez', '+1234567844', 'auditorio.universidad@example.com', '40.7172,-74.0104', TRUE, 'Activa'),
('Recinto Multifuncional Arena', 'Av. Multifuncional 890, Zona Norte', 9000, 'Paula Ramírez', '+1234567845', 'arena.multifuncional@example.com', '40.7173,-74.0105', TRUE, 'Activa'),
('Teatro de la Comedia', 'Plaza del Humor 123, Centro Cultural', 500, 'Adrián Vargas', '+1234567846', 'teatro.comedia@example.com', '40.7174,-74.0106', TRUE, 'Activa'),
('Sala de Exposiciones Industrial', 'Calle Industrial 456, Polígono Industrial', 1200, 'Gema Torres', '+1234567847', 'exposiciones.industrial@example.com', '40.7175,-74.0107', TRUE, 'Activa'),
('Centro Social Barrio Sur', 'Av. Vecinal 789, Barrio Sur', 300, 'Luis Ramos', '+1234567848', 'centro.social@example.com', '40.7176,-74.0108', TRUE, 'Inactiva'),
('Pista Central Deportiva', 'Calle Olímpica 1234, Complejo Deportivo', 4000, 'Carmen Molina', '+1234567849', 'pista.central@example.com', '40.7177,-74.0109', TRUE, 'Activa'),
('Teatro Experimental La Vanguardia', 'Callejón Artístico 567, Barrio Bohemio', 120, 'Javier Méndez', '+1234567850', 'teatro.vanguardia@example.com', '40.7178,-74.0110', FALSE, 'Activa'),
('Centro de Convenciones Ejecutivo', 'Av. Ejecutiva 890, Distrito Financiero', 800, 'María José Gutiérrez', '+1234567851', 'centro.ejecutivo@example.com', '40.7179,-74.0111', TRUE, 'Activa'),
('Pabellón Municipal', 'Plaza Municipal 123, Centro Cívico', 3000, 'Andrés Castro', '+1234567852', 'pabellon.municipal@example.com', '40.7180,-74.0112', TRUE, 'Activa'),
('Sala de Conferencias Tecnológica', 'Calle Tecnológica 456, Parque Tecnológico', 250, 'Lucía Gómez', '+1234567853', 'conferencias.tech@example.com', '40.7181,-74.0113', TRUE, 'Activa'),
('Estadio Municipal Oeste', 'Av. Occidental 789, Barrio Oeste', 18000, 'Fernando Martínez', '+1234567854', 'estadio.oeste@example.com', '40.7182,-74.0114', TRUE, 'Activa'),
('Centro Cultural Étnico', 'Plaza de las Culturas 1234, Barrio Multicultural', 400, 'Elena Navarro', '+1234567855', 'cultural.etnico@example.com', '40.7183,-74.0115', TRUE, 'Activa'),
('Auditorio Corporativo', 'Calle Empresarial 567, Zona Financiera', 300, 'Ricardo Montero', '+1234567856', 'auditorio.corporativo@example.com', '40.7184,-74.0116', TRUE, 'Activa'),
('Complejo Ferial Internacional', 'Av. Internacional 890, Zona Periférica', 20000, 'Beatriz Silva', '+1234567857', 'ferial.internacional@example.com', '40.7185,-74.0117', TRUE, 'Activa'),
('Sala de Cámara', 'Plaza Musical 123, Distrito Cultural', 200, 'Vicente Torres', '+1234567858', 'sala.camara@example.com', '40.7186,-74.0118', TRUE, 'Activa'),
('Centro de Interpretación Histórico', 'Calle Histórica 456, Casco Antiguo', 150, 'Carolina Reyes', '+1234567859', 'centro.historico@example.com', '40.7187,-74.0119', TRUE, 'En Mantenimiento'),
('Pabellón Polideportivo', 'Av. Polideportiva 789, Zona Deportiva', 4500, 'Manuel Serrano', '+1234567860', 'pabellon.polideportivo@example.com', '40.7188,-74.0120', TRUE, 'Activa'),
('Teatro Municipal Norte', 'Plaza Teatral 1234, Distrito Norte', 850, 'Sara Jiménez', '+1234567861', 'teatro.norte@example.com', '40.7189,-74.0121', TRUE, 'Activa'),
('Sala Multiusos Juventud', 'Calle Joven 567, Barrio Universitario', 700, 'Pablo Martín', '+1234567862', 'sala.juventud@example.com', '40.7190,-74.0122', TRUE, 'Activa'),
('Estadio Indoor', 'Av. Cubierta 890, Complejo Deportivo', 5000, 'Raquel Ortega', '+1234567863', 'estadio.indoor@example.com', '40.7191,-74.0123', TRUE, 'Activa'),
('Centro de Negocios', 'Plaza Ejecutiva 123, Distrito Financiero', 500, 'Guillermo Vega', '+1234567864', 'centro.negocios@example.com', '40.7192,-74.0124', TRUE, 'Activa'),
('Auditorio al Aire Libre', 'Parque Central s/n, Zona Verde', 2000, 'Alicia Campos', '+1234567865', 'auditorio.aire@example.com', '40.7193,-74.0125', FALSE, 'Activa'),
('Recinto Abovedado', 'Calle Arquitectónica 456, Centro Histórico', 600, 'Diego Muñoz', '+1234567866', 'recinto.abovedado@example.com', '40.7194,-74.0126', TRUE, 'Activa'),
('Pista Central Cubierta', 'Av. Deportiva Central 789, Complejo Municipal', 3500, 'Patricia López', '+1234567867', 'pista.cubierta@example.com', '40.7195,-74.0127', TRUE, 'Activa'),
('Galería Municipal', 'Plaza del Arte 1234, Centro Cultural', 250, 'Rubén Domínguez', '+1234567868', 'galeria.municipal@example.com', '40.7196,-74.0128', TRUE, 'Activa'),
('Centro de Conferencias Internacional', 'Calle Internacional 567, Zona Comercial', 1000, 'Mónica Fernández', '+1234567869', 'conferencias.internacional@example.com', '40.7197,-74.0129', TRUE, 'Activa'),
('Teatro Coliseo', 'Av. Cultural 890, Barrio Cultural', 1600, 'Alberto Flores', '+1234567870', 'teatro.coliseo@example.com', '40.7198,-74.0130', TRUE, 'Activa'),
('Pabellón de Congresos Norte', 'Plaza Congresual 123, Distrito Norte', 2200, 'Teresa Ruiz', '+1234567871', 'congresos.norte@example.com', '40.7199,-74.0131', TRUE, 'Activa'),
('Complejo Educativo', 'Calle Educativa 456, Zona Escolar', 800, 'Antonio García', '+1234567872', 'complejo.educativo@example.com', '40.7200,-74.0132', TRUE, 'Activa'),
('Sala de Conciertos Underground', 'Av. Alternativa 789, Barrio Bohemio', 150, 'Margarita Díaz', '+1234567873', 'conciertos.underground@example.com', '40.7201,-74.0133', FALSE, 'Inactiva'),
('Centro Cultural Sur', 'Plaza Cultural 1234, Barrio Sur', 700, 'Francisco López', '+1234567874', 'cultural.sur@example.com', '40.7202,-74.0134', TRUE, 'Activa'),
('Estadio Universitario', 'Campus Deportivo s/n, Ciudad Universitaria', 10000, 'Gloria Ramírez', '+1234567875', 'estadio.universitario@example.com', '40.7203,-74.0135', TRUE, 'Activa'),
('Teatro de la Ópera', 'Av. Lírica 456, Centro Cultural', 900, 'Héctor González', '+1234567876', 'teatro.opera@example.com', '40.7204,-74.0136', TRUE, 'Activa'),
('Sala de Exposiciones Contemporánea', 'Calle Moderna 789, Distrito Artístico', 320, 'Eva Márquez', '+1234567877', 'exposiciones.contemporanea@example.com', '40.7205,-74.0137', TRUE, 'Activa'),
('Centro de Eventos Elite', 'Plaza Premiun 1234, Zona Exclusiva', 500, 'Ignacio Sanz', '+1234567878', 'eventos.elite@example.com', '40.7206,-74.0138', TRUE, 'En Mantenimiento'),
('Pabellón Deportivo Este', 'Av. Deportiva Este 567, Barrio Este', 1500, 'Carla Medina', '+1234567879', 'pabellon.este@example.com', '40.7207,-74.0139', TRUE, 'Activa'),
('Auditorio Moderno', 'Calle Vanguardista 890, Zona Moderna', 750, 'Roberto García', '+1234567880', 'auditorio.moderno@example.com', '40.7208,-74.0140', TRUE, 'Activa'),
('Recinto Ferial Municipal', 'Plaza Ferial 123, Afueras', 12000, 'Ana Belén Herrera', '+1234567881', 'ferial.municipal@example.com', '40.7209,-74.0141', TRUE, 'Activa'),
('Teatro al Aire Libre', 'Parque Teatro s/n, Parque Central', 2000, 'Marcos Delgado', '+1234567882', 'teatro.aire@example.com', '40.7210,-74.0142', FALSE, 'Activa'),
('Centro de Convenciones Victoria', 'Av. Victoria 456, Centro Ciudad', 1800, 'Cristina Álvarez', '+1234567883', 'convenciones.victoria@example.com', '40.7211,-74.0143', TRUE, 'Activa'),
('Complejo Multifuncional Oeste', 'Calle Occidental 789, Distrito Oeste', 3000, 'José Antonio Martín', '+1234567884', 'multifuncional.oeste@example.com', '40.7212,-74.0144', TRUE, 'Activa'),
('Sala de Exposiciones Histórica', 'Plaza Histórica 1234, Centro Histórico', 280, 'Nuria Castro', '+1234567885', 'exposiciones.historica@example.com', '40.7213,-74.0145', TRUE, 'Activa'),
('Estadio Principal', 'Av. Principal 567, Zona Deportiva', 25000, 'Jorge Rubio', '+1234567886', 'estadio.principal@example.com', '40.7214,-74.0146', TRUE, 'Activa'),
('Auditorio Sinfónico', 'Calle Sinfónica 890, Barrio Musical', 1000, 'Irene Vázquez', '+1234567887', 'auditorio.sinfonico@example.com', '40.7215,-74.0147', TRUE, 'Inactiva'),
('Teatro Regional', 'Calle Regional 123, Barrio Provincial', 1200, 'Carlos García', '+1234567888', 'teatro.regional@example.com', '40.7216,-74.0148', TRUE, 'Activa'),
('Centro de Arte y Cultura', 'Plaza del Arte 456, Distrito Cultural', 1500, 'Marta López', '+1234567889', 'centro.artes@example.com', '40.7217,-74.0149', TRUE, 'Activa'),
('Auditorio del Pueblo', 'Calle del Pueblo 789, Barrio Popular', 2000, 'Juan Pérez', '+1234567890', 'auditorio.pueblo@example.com', '40.7218,-74.0150', TRUE, 'Activa'),
('Estadio Olímpico Sur', 'Av. Olímpica Sur 123, Complejo Deportivo Sur', 30000, 'Sara Herrera', '+1234567891', 'estadio.olimpico.sur@example.com', '40.7219,-74.0151', TRUE, 'Activa'),
('Centro Cultural Plaza Mayor', 'Plaza Mayor 234, Barrio Centro', 2500, 'Antonio Martínez', '+1234567892', 'cc.plaza.mayor@example.com', '40.7220,-74.0152', TRUE, 'Activa'),
('Teatro de las Artes', 'Av. de las Artes 567, Barrio Artístico', 800, 'Patricia Mendoza', '+1234567893', 'teatro.artes@example.com', '40.7221,-74.0153', TRUE, 'Activa'),
('Centro Deportivo El Sol', 'Calle Sol 1234, Distrito Deportivo', 4000, 'Rosa López', '+1234567894', 'deportivo.sol@example.com', '40.7222,-74.0154', TRUE, 'Activa'),
('Pabellón de Eventos Únicos', 'Calle Única 456, Zona Central', 10000, 'Pedro Sánchez', '+1234567895', 'pabellon.unicos@example.com', '40.7223,-74.0155', TRUE, 'Activa'),
('Galería de Arte Nuevo', 'Plaza Artística 789, Barrio Nuevo', 500, 'Clara Gómez', '+1234567896', 'galeria.nueva@example.com', '40.7224,-74.0156', TRUE, 'Activa'),
('Centro de Convenciones Central', 'Calle Central 1234, Distrito Central', 3500, 'Luis Martín', '+1234567897', 'convenciones.central@example.com', '40.7225,-74.0157', TRUE, 'Activa'),
('Sala de Conciertos Real', 'Calle Real 567, Zona Real', 1500, 'Miguel Rodríguez', '+1234567898', 'conciertos.real@example.com', '40.7226,-74.0158', TRUE, 'Activa'),
('Recinto Multifuncional Sur', 'Calle Sur 890, Zona Sur', 12000, 'Elena Gómez', '+1234567899', 'multifuncional.sur@example.com', '40.7227,-74.0159', TRUE, 'Activa');

INSERT INTO usuarios (nombre, apellido, email, telefono, fecha_nacimiento, genero, direccion, intereses, ultimo_acceso, es_admin, estado) VALUES
('María', 'González', 'maria.gonzalez@email.com', '+34612345678', '1985-05-12', 'Femenino', 'Calle Mayor 15, Madrid', 'Música clásica, exposiciones de arte', '2025-05-01 09:23:45', FALSE, 'Activo'),
('Juan', 'Rodríguez', 'juan.rodriguez@email.com', '+34623456789', '1990-03-24', 'Masculino', 'Avenida Libertad 23, Barcelona', 'Fotografía, viajes, gastronomía', '2025-05-02 16:45:30', FALSE, 'Activo'),
('Ana', 'Martínez', 'ana.martinez@email.com', '+34634567890', '1988-11-07', 'Femenino', 'Plaza España 5, Valencia', 'Yoga, cocina vegetariana, senderismo', '2025-05-03 11:20:15', FALSE, 'Activo'),
('Carlos', 'López', 'carlos.lopez@email.com', '+34645678901', '1975-08-15', 'Masculino', 'Calle San Pedro 28, Sevilla', 'Historia, ajedrez, jardinería', '2025-05-01 14:10:55', TRUE, 'Activo'),
('Laura', 'Sánchez', 'laura.sanchez@email.com', '+34656789012', '1995-02-28', 'Femenino', 'Avenida del Puerto 42, Málaga', 'Danza contemporánea, lectura', '2025-05-02 20:30:00', FALSE, 'Activo'),
('Miguel', 'Fernández', 'miguel.fernandez@email.com', '+34667890123', '1982-07-19', 'Masculino', 'Calle Real 17, Zaragoza', 'Ciclismo, tecnología, cine', '2025-05-03 08:15:30', FALSE, 'Activo'),
('Sara', 'García', 'sara.garcia@email.com', '+34678901234', '1992-04-03', 'Femenino', 'Gran Vía 78, Bilbao', 'Teatro, música indie, diseño gráfico', '2025-05-01 15:45:20', FALSE, 'Activo'),
('David', 'Pérez', 'david.perez@email.com', '+34689012345', '1980-12-10', 'Masculino', 'Paseo Marítimo 56, Alicante', 'Surf, fotografía de naturaleza', '2025-05-04 19:05:15', FALSE, 'Activo'),
('Elena', 'Gómez', 'elena.gomez@email.com', '+34690123456', '1993-09-22', 'Femenino', 'Calle Ancha 89, Córdoba', 'Literatura, pintura abstracta, pilates', '2025-05-02 12:40:50', FALSE, 'Activo'),
('Pablo', 'Ruiz', 'pablo.ruiz@email.com', '+34601234567', '1978-06-05', 'Masculino', 'Ronda Norte 34, Murcia', 'Jazz, enología, cocina internacional', '2025-05-03 17:25:10', TRUE, 'Activo'),
('Lucía', 'Torres', 'lucia.torres@email.com', '+34612345698', '1989-01-15', 'Femenino', 'Plaza Mayor 12, Salamanca', 'Historia del arte, viajes culturales', '2025-05-04 10:15:30', FALSE, 'Activo'),
('Alberto', 'Navarro', 'alberto.navarro@email.com', '+34623456799', '1984-10-08', 'Masculino', 'Calle Estrella 45, Valladolid', 'Montañismo, fotografía de paisaje', '2025-05-01 11:05:45', FALSE, 'Activo'),
('Carmen', 'Jiménez', 'carmen.jimenez@email.com', '+34634567899', '1991-03-27', 'Femenino', 'Avenida Principal 67, Granada', 'Ballet, repostería, voluntariado', '2025-05-02 18:30:20', FALSE, 'Inactivo'),
('Javier', 'Moreno', 'javier.moreno@email.com', '+34645678909', '1976-08-14', 'Masculino', 'Calle del Carmen 23, Santander', 'Running, ciencia ficción, ajedrez', '2025-05-03 15:40:55', FALSE, 'Activo'),
('Isabel', 'Alonso', 'isabel.alonso@email.com', '+34656789019', '1994-05-19', 'Femenino', 'Pasaje Verde 8, Pamplona', 'Ecología, teatro, fotografía documental', '2025-05-01 16:20:10', FALSE, 'Activo'),
('Raúl', 'Gutiérrez', 'raul.gutierrez@email.com', '+34667890129', '1981-12-02', 'Masculino', 'Plaza del Sol 34, Oviedo', 'Fútbol, podcasts, gastronomía local', '2025-05-04 14:10:30', FALSE, 'Activo'),
('Mónica', 'Díaz', 'monica.diaz@email.com', '+34678901239', '1987-07-11', 'Femenino', 'Calle Mayor 56, Toledo', 'Danza flamenca, arquitectura, vinos', '2025-05-02 09:25:15', FALSE, 'Activo'),
('Jorge', 'Hernández', 'jorge.hernandez@email.com', '+34689012349', '1979-02-23', 'Masculino', 'Avenida de la Playa 78, Cádiz', 'Vela, historia naval, gastronomía marina', '2025-05-03 13:35:50', FALSE, 'Bloqueado'),
('Natalia', 'Vázquez', 'natalia.vazquez@email.com', '+34690123459', '1996-09-08', 'Femenino', 'Calle Alta 12, Burgos', 'Arqueología, senderismo, fotografía antigua', '2025-05-04 21:15:25', FALSE, 'Activo'),
('Sergio', 'Romero', 'sergio.romero@email.com', '+34601234569', '1983-04-17', 'Masculino', 'Ronda Sur 90, Almería', 'Mountain bike, programación, novela negra', '2025-05-01 10:05:40', TRUE, 'Activo'),
('Alicia', 'Serrano', 'alicia.serrano@email.com', '+34612345688', '1990-11-30', 'Femenino', 'Plaza Circular 23, Logroño', 'Meditación, cocina vegana, arte urbano', '2025-05-02 17:55:05', FALSE, 'Activo'),
('Daniel', 'Ortiz', 'daniel.ortiz@email.com', '+34623456788', '1977-06-13', 'Masculino', 'Avenida Central 45, Badajoz', 'Pesca, bricolaje, historia medieval', '2025-05-03 12:45:30', FALSE, 'Activo'),
('Cristina', 'Molina', 'cristina.molina@email.com', '+34634567889', '1992-01-25', 'Femenino', 'Calle Nueva 67, Huelva', 'Yoga, nutrición, psicología', '2025-05-04 09:35:15', FALSE, 'Activo'),
('Fernando', 'Ramos', 'fernando.ramos@email.com', '+34645678989', '1986-08-07', 'Masculino', 'Paseo de los Tilos 89, Albacete', 'Jazz, coctelería, diseño de interiores', '2025-05-01 18:25:50', FALSE, 'Inactivo'),
('Teresa', 'Gil', 'teresa.gil@email.com', '+34656789089', '1993-03-20', 'Femenino', 'Callejón del Arte 12, León', 'Literatura clásica, pintura al óleo, viola', '2025-05-02 15:15:25', FALSE, 'Activo'),
('Roberto', 'Castro', 'roberto.castro@email.com', '+34667890189', '1982-10-03', 'Masculino', 'Calle del Río 34, Tarragona', 'Arqueología submarina, buceo, historia antigua', '2025-05-03 11:05:00', FALSE, 'Activo'),
('Silvia', 'Flores', 'silvia.flores@email.com', '+34678901289', '1989-05-16', 'Femenino', 'Avenida del Parque 56, Jaén', 'Ballet clásico, ornitología, fotografía', '2025-05-04 16:55:35', FALSE, 'Activo'),
('Alejandro', 'Santos', 'alejandro.santos@email.com', '+34689012389', '1975-12-29', 'Masculino', 'Plaza Vieja 78, Cáceres', 'Ajedrez, astronomía, física teórica', '2025-05-01 13:45:10', FALSE, 'Activo'),
('Marina', 'Medina', 'marina.medina@email.com', '+34690123489', '1994-07-09', 'Femenino', 'Calle Larga 10, Huesca', 'Danza contemporánea, botánica, idiomas', '2025-05-02 10:35:45', FALSE, 'Activo'),
('Guillermo', 'León', 'guillermo.leon@email.com', '+34601234589', '1980-02-22', 'Masculino', 'Ronda Este 32, Palencia', 'Ciclismo de montaña, novela histórica, vinos', '2025-05-03 19:25:20', FALSE, 'Activo'),
('Rosa', 'Arias', 'rosa.arias@email.com', '+34612345677', '1987-09-05', 'Femenino', 'Plaza del Mercado 54, Lleida', 'Pilates, gastronomía vegetariana, cerámica', '2025-05-04 14:15:55', FALSE, 'Activo'),
('Andrés', 'Reyes', 'andres.reyes@email.com', '+34623456777', '1976-04-18', 'Masculino', 'Avenida de la Estación 76, Ciudad Real', 'Historia contemporánea, política, ajedrez', '2025-05-01 21:05:30', TRUE, 'Activo'),
('Beatriz', 'Domínguez', 'beatriz.dominguez@email.com', '+34634567879', '1991-11-01', 'Femenino', 'Calle del Mar 98, Castellón', 'Teatro alternativo, moda sostenible, arte', '2025-05-02 08:55:05', FALSE, 'Activo'),
('Héctor', 'Cruz', 'hector.cruz@email.com', '+34645678979', '1984-06-14', 'Masculino', 'Paseo de las Acacias 20, Girona', 'Escalada, fotografía de montaña, literatura', '2025-05-03 16:45:40', FALSE, 'Bloqueado'),
('Marta', 'Herrera', 'marta.herrera@email.com', '+34656789079', '1995-01-27', 'Femenino', 'Callejón Verde 42, Teruel', 'Yoga aéreo, nutrición, medio ambiente', '2025-05-04 11:35:15', FALSE, 'Activo'),
('Víctor', 'Ibáñez', 'victor.ibanez@email.com', '+34667890179', '1981-08-10', 'Masculino', 'Calle Alta 64, Zamora', 'Senderismo, micología, cocina tradicional', '2025-05-01 14:25:50', FALSE, 'Activo'),
('Nuria', 'Vargas', 'nuria.vargas@email.com', '+34678901279', '1988-03-23', 'Femenino', 'Avenida Principal 86, Cuenca', 'Pintura impresionista, violín, jardinería', '2025-05-02 19:15:25', FALSE, 'Activo'),
('Ignacio', 'Soto', 'ignacio.soto@email.com', '+34689012379', '1977-10-06', 'Masculino', 'Plaza del Ayuntamiento 18, Ávila', 'Historia medieval, numismática, filatelia', '2025-05-03 13:05:00', FALSE, 'Activo'),
('Luisa', 'Delgado', 'luisa.delgado@email.com', '+34690123479', '1993-05-19', 'Femenino', 'Calle del Pino 30, Segovia', 'Danza española, fotografía artística, poesía', '2025-05-04 18:55:35', FALSE, 'Activo'),
('Eduardo', 'Mendoza', 'eduardo.mendoza@email.com', '+34601234579', '1979-12-02', 'Masculino', 'Ronda Norte 52, Soria', 'Mountain bike, literatura de viajes, ornitología', '2025-05-01 10:45:10', FALSE, 'Activo'),
('Rocío', 'Benítez', 'rocio.benitez@email.com', '+34612345667', '1986-07-15', 'Femenino', 'Plaza Mayor 74, Guadalajara', 'Yoga, nutrición holística, pintura abstracta', '2025-05-02 15:35:45', FALSE, 'Activo'),
('Álvaro', 'Fuentes', 'alvaro.fuentes@email.com', '+34623456667', '1974-02-28', 'Masculino', 'Avenida del Sol 96, Lugo', 'Astronomía, física cuántica, jazz', '2025-05-03 20:25:20', FALSE, 'Activo'),
('Patricia', 'Pascual', 'patricia.pascual@email.com', '+34634567669', '1990-09-11', 'Femenino', 'Calle Mayor 28, Ourense', 'Ballet, literatura rusa, cerámica artística', '2025-05-04 07:15:55', FALSE, 'Activo'),
('Nicolás', 'Guerrero', 'nicolas.guerrero@email.com', '+34645678669', '1983-04-24', 'Masculino', 'Paseo de la Alameda 40, Pontevedra', 'Vela, historia naval, gastronomía atlántica', '2025-05-01 17:05:30', FALSE, 'Activo'),
('Eva', 'Nieto', 'eva.nieto@email.com', '+34656789069', '1994-11-07', 'Femenino', 'Callejón del Arte 62, La Coruña', 'Danza contemporánea, fotografía callejera', '2025-05-02 12:55:05', FALSE, 'Activo'),
('Marcos', 'Prieto', 'marcos.prieto@email.com', '+34667890169', '1980-06-20', 'Masculino', 'Calle del Mar 84, La Rioja', 'Enología, jazz, gastronomía tradicional', '2025-05-03 09:45:40', FALSE, 'Activo'),
('Clara', 'Campos', 'clara.campos@email.com', '+34678901269', '1987-01-03', 'Femenino', 'Avenida Central 16, Álava', 'Yoga kundalini, cocina internacional, cine', '2025-05-04 15:35:15', FALSE, 'Inactivo'),
('Leo', 'Vidal', 'leo.vidal@email.com', '+34689012369', '1976-08-16', 'Masculino', 'Plaza de la Catedral 38, Vizcaya', 'Fotografía documental, historia contemporánea', '2025-05-01 11:25:50', FALSE, 'Activo'),
('Sofía', 'Merino', 'sofia.merino@email.com', '+34690123469', '1992-03-29', 'Femenino', 'Calle Alta 50, Guipúzcoa', 'Ballet clásico, historia del arte, piano', '2025-05-02 16:15:25', FALSE, 'Activo'),
('Gabriel', 'Robles', 'gabriel.robles@email.com', '+34601234569', '1978-10-12', 'Masculino', 'Ronda Sur 72, Navarra', 'Ciclismo, literatura fantástica, ajedrez', '2025-05-03 21:05:00', TRUE, 'Activo'),
('Julia', 'Lara', 'julia.lara@email.com', '+34612345656', '1985-05-25', 'Femenino', 'Plaza Vieja 94, Asturias', 'Pilates, nutrición deportiva, fotografía', '2025-05-04 08:55:35', FALSE, 'Activo'),
('Diego', 'Calvo', 'diego.calvo@email.com', '+34623456656', '1973-12-08', 'Masculino', 'Avenida del Río 26, Cantabria', 'Historia antigua, coleccionismo, idiomas', '2025-05-01 13:45:10', FALSE, 'Activo'),
('Claudia', 'Blanco', 'claudia.blanco@email.com', '+34634567659', '1989-07-21', 'Femenino', 'Calle Nueva 48, Málaga', 'Danza africana, cocina mediterránea, pintura', '2025-05-02 18:35:45', FALSE, 'Activo'),
('Francisco', 'Pardo', 'francisco.pardo@email.com', '+34645678659', '1982-02-03', 'Masculino', 'Paseo Marítimo 70, Granada', 'Literatura policiaca, jazz, catas de vino', '2025-05-03 14:25:20', FALSE, 'Bloqueado'),
('Inés', 'Silva', 'ines.silva@email.com', '+34656789059', '1993-09-16', 'Femenino', 'Callejón del Sol 92, Almería', 'Yoga ashtanga, alimentación consciente', '2025-05-04 19:15:55', FALSE, 'Activo'),
('Adrián', 'Morales', 'adrian.morales@email.com', '+34667890159', '1979-04-29', 'Masculino', 'Calle Mayor 24, Valencia', 'Running, novela histórica, cocina asiática', '2025-05-01 09:05:30', FALSE, 'Activo'),
('Raquel', 'Ferrer', 'raquel.ferrer@email.com', '+34678901259', '1986-11-12', 'Femenino', 'Avenida Principal 46, Alicante', 'Ballet contemporáneo, fotografía de moda', '2025-05-02 14:55:05', FALSE, 'Activo'),
('Rubén', 'Aguilar', 'ruben.aguilar@email.com', '+34689012359', '1975-06-25', 'Masculino', 'Plaza Mayor 68, Sevilla', 'Filatelia, historia del arte, jazz clásico', '2025-05-03 10:45:40', FALSE, 'Activo'),
('Esther', 'Duran', 'esther.duran@email.com', '+34690123459', '1991-01-08', 'Femenino', 'Calle del Sol 90, Madrid', 'Danza contemporánea, literatura feminista', '2025-05-04 16:35:15', FALSE, 'Activo'),
('Joel', 'Sanz', 'joel.sanz@email.com', '+34601234559', '1977-08-21', 'Masculino', 'Ronda Este 22, Barcelona', 'Montañismo, fotografía profesional, idiomas', '2025-05-01 21:25:50', FALSE, 'Activo'),
('Alexia', 'Gallego', 'alexia.gallego@email.com', '+34612345645', '1984-03-05', 'Femenino', 'Plaza del Carmen 44, León', 'Pilates reformer, cocina vegana, escultura', '2025-05-02 11:15:25', FALSE, 'Activo'),
('Joaquín', 'Bravo', 'joaquin.bravo@email.com', '+34623456645', '1972-10-18', 'Masculino', 'Avenida de la Playa 66, Tarragona', 'Buceo, historia medieval, vinos', '2025-05-03 17:05:00', FALSE, 'Activo'),
('Victoria', 'Hidalgo', 'victoria.hidalgo@email.com', '+34634567649', '1988-05-01', 'Femenino', 'Calle Ancha 88, Murcia', 'Yoga vinyasa, fotografía documental, arte', '2025-05-04 12:55:35', FALSE, 'Activo'),
('Emilio', 'Villa', 'emilio.villa@email.com', '+34645678649', '1981-12-14', 'Masculino', 'Paseo de los Olmos 20, Badajoz', 'Ciclismo de carretera, novela negra, jazz', '2025-05-01 07:45:10', FALSE, 'Activo'),
('Celia', 'Pastor', 'celia.pastor@email.com', '+34656789049', '1992-07-27', 'Femenino', 'Callejón del Arte 42, Cáceres', 'Danza oriental, cine independiente, cerámica', '2025-05-02 13:35:45', FALSE, 'Activo'),
('Lucas', 'Cortes', 'lucas.cortes@email.com', '+34667890149', '1978-02-09', 'Masculino', 'Calle del Mar 64, Huelva', 'Fotografía callejera, historia contemporánea', '2025-05-03 19:25:20', FALSE, 'Activo'),
('Miriam', 'Crespo', 'miriam.crespo@email.com', '+34678901249', '1985-09-22', 'Femenino', 'Avenida Central 86, Albacete', 'Pilates, cocina macrobiótica, violín', '2025-05-04 09:15:55', FALSE, 'Activo'),
('Gonzalo', 'Sierra', 'gonzalo.sierra@email.com', '+34689012349', '1974-04-05', 'Masculino', 'Plaza de la Fuente 18, Jaén', 'Ajedrez internacional, astronomía, poesía', '2025-05-01 15:05:30', FALSE, 'Activo'),
('Lorena', 'Carmona', 'lorena.carmona@email.com', '+34690123449', '1990-11-18', 'Femenino', 'Calle Mayor 40, Zaragoza', 'Ballet clásico, historia del cine, pintura', '2025-05-02 20:55:05', FALSE, 'Inactivo'),
('Samuel', 'Cabrera', 'samuel.cabrera@email.com', '+34601234549', '1976-06-01', 'Masculino', 'Ronda Oeste 62, Córdoba', 'Literatura latinoamericana, jazz, vinos', '2025-05-03 10:45:40', FALSE, 'Activo'),
('Alma', 'Moya', 'alma.moya@email.com', '+34612345634', '1983-01-14', 'Femenino', 'Plaza Mayor 84, Valladolid', 'Yoga restaurativo, fotografía artística', '2025-05-04 16:35:15', FALSE, 'Activo'),
('Luis', 'Soler', 'luis.soler@email.com', '+34623456634', '1971-08-27', 'Masculino', 'Avenida del Parque 16, Salamanca', 'Historia contemporánea, ajedrez, ópera', '2025-05-01 11:25:50', TRUE, 'Activo'),
('Abril', 'Esteban', 'abril.esteban@email.com', '+34634567639', '1987-03-12', 'Femenino', 'Calle del Río 38, Logroño', 'Danza flamenca, gastronomía española', '2025-05-02 17:15:25', FALSE, 'Activo'),
('Bruno', 'Herrero', 'bruno.herrero@email.com', '+34645678639', '1980-10-25', 'Masculino', 'Paseo Marítimo 60, Bilbao', 'Surf, fotografía de naturaleza, cine clásico', '2025-05-03 13:05:00', FALSE, 'Activo'),
('Aurora', 'Luna', 'aurora.luna@email.com', '+34656789039', '1991-05-08', 'Femenino', 'Callejón Verde 82, Santander', 'Yoga terapéutico, nutrición holística, teatro', '2025-05-04 18:55:35', FALSE, 'Activo'),
('Mateo', 'Giménez', 'mateo.gimenez@email.com', '+34667890139', '1977-12-21', 'Masculino', 'Calle Alta 14, Pamplona', 'Montañismo, literatura de viajes, jazz moderno', '2025-05-01 08:45:10', FALSE, 'Activo'),
('Valeria', 'Peña', 'valeria.pena@email.com', '+34678901239', '1984-07-04', 'Femenino', 'Avenida de la Estación 36, Oviedo', 'Ballet contemporáneo, fotografía urbana', '2025-05-02 14:35:45', FALSE, 'Bloqueado'),
('Óscar', 'Rico', 'oscar.rico@email.com', '+34689012339', '1973-02-17', 'Masculino', 'Plaza del Sol 58, Vitoria', 'Ciclismo de montaña, novela negra, enología', '2025-05-03 20:25:20', FALSE, 'Activo'),
('Carla', 'Palacios', 'carla.palacios@email.com', '+34690123439', '1989-09-30', 'Femenino', 'Calle Nueva 80, San Sebastián', 'Pilates con implementos, historia del arte', '2025-05-04 10:15:55', FALSE, 'Activo'),
('Mario', 'Cano', 'mario.cano@email.com', '+34601234539', '1975-04-13', 'Masculino', 'Ronda Sur 12, Burgos', 'Senderismo, fotografía de paisaje, ajedrez', '2025-05-01 16:05:30', FALSE, 'Activo'),
('Noa', 'Izquierdo', 'noa.izquierdo@email.com', '+34612345623', '1982-11-26', 'Femenino', 'Plaza de la Catedral 34, Toledo', 'Yoga aéreo, alimentación natural, cine europeo', '2025-05-02 21:55:05', FALSE, 'Activo'),
('Hugo', 'Mendez', 'hugo.mendez@email.com', '+34623456623', '1970-06-09', 'Masculino', 'Avenida Principal 56, Ciudad Real', 'Literatura clásica, ópera, filatelia', '2025-05-03 11:45:40', FALSE, 'Activo'),
('Olivia', 'Rojas', 'olivia.rojas@email.com', '+34634567629', '1986-01-22', 'Femenino', 'Calle Mayor 78, Lleida', 'Danza clásica, fotografía analógica, teatro', '2025-05-04 17:35:15', FALSE, 'Activo'),
('Pedro', 'Marti', 'pedro.marti@email.com', '+34645678629', '1979-08-05', 'Masculino', 'Paseo de la Alameda 10, Girona', 'Escalada, historia medieval, jazz clásico', '2025-05-01 12:25:50', FALSE, 'Activo'),
('Luna', 'Rubio', 'luna.rubio@email.com', '+34656789029', '1990-03-18', 'Femenino', 'Callejón del Sol 32, Huesca', 'Pilates clínico, cocina vegetariana, pintura', '2025-05-02 18:15:25', FALSE, 'Activo'),
('Alejandra', 'Santana', 'alejandra.santana@email.com', '+34667890129', '1976-10-01', 'Femenino', 'Calle del Pino 54, Castellón', 'Danza contemporánea, fotografía de moda', '2025-05-03 14:05:00', FALSE, 'Activo'),
('Martín', 'Sosa', 'martin.sosa@email.com', '+34678901229', '1983-05-14', 'Masculino', 'Avenida del Mar 76, Cádiz', 'Vela, historia naval, gastronomía atlántica', '2025-05-04 09:55:35', FALSE, 'Activo'),
('Daniela', 'Vera', 'daniela.vera@email.com', '+34689012329', '1972-12-27', 'Femenino', 'Plaza Vieja 98, Palencia', 'Yoga integral, nutrición ayurvédica, cerámica', '2025-05-01 15:45:10', FALSE, 'Activo'),
('Izan', 'Ibarra', 'izan.ibarra@email.com', '+34690123429', '1988-07-10', 'Masculino', 'Calle Alta 30, Segovia', 'Fotografía callejera, jazz moderno, idiomas', '2025-05-02 20:35:45', FALSE, 'Activo'),
('Paula', 'Jurado', 'paula.jurado@email.com', '+34601234529', '1974-02-23', 'Femenino', 'Ronda Norte 52, Teruel', 'Ballet, literatura rusa, pintura impresionista', '2025-05-03 16:25:20', FALSE, 'Inactivo'),
('Adam', 'Caballero', 'adam.caballero@email.com', '+34612345612', '1981-09-06', 'Masculino', 'Plaza Mayor 74, Zamora', 'Ciclismo, novela histórica, cocina internacional', '2025-05-04 11:15:55', FALSE, 'Activo'),
('Irene', 'Roca', 'irene.roca@email.com', '+34623456612', '1969-04-19', 'Femenino', 'Avenida Central 96, Soria', 'Pilates, fotografía artística, música clásica', '2025-05-01 17:05:30', FALSE, 'Activo'),
('César', 'Quintana', 'cesar.quintana@email.com', '+34634567619', '1985-11-02', 'Masculino', 'Calle del Río 28, Cuenca', 'Historia del arte, ajedrez internacional, jazz', '2025-05-02 13:55:05', TRUE, 'Activo'),
('Carla', 'Serrano', 'carla.serrano@email.com', '+34689012340', '1995-01-05', 'Femenino', 'Calle del Sol 55, Cádiz', 'Fotografía, literatura contemporánea, senderismo', '2025-05-04 17:25:40', FALSE, 'Activo'),
('Antonio', 'González', 'antonio.gonzalez@email.com', '+34678901230', '1980-11-23', 'Masculino', 'Calle de la Paz 67, León', 'Buceo, historia medieval, jazz', '2025-05-03 09:55:10', FALSE, 'Activo'),
('Paula', 'Vázquez', 'paula.vazquez@email.com', '+34667890120', '1993-03-12', 'Femenino', 'Avenida del Mar 42, Valencia', 'Cocina saludable, ciclismo, música clásica', '2025-05-02 14:25:25', FALSE, 'Activo'),
('Luis', 'Gómez', 'luis.gomez@email.com', '+34656789029', '1987-09-01', 'Masculino', 'Calle Larga 30, Valladolid', 'Fútbol, cine independiente, escalada', '2025-05-04 18:10:30', FALSE, 'Activo'),
('Julia', 'Ramírez', 'julia.ramirez@email.com', '+34689012311', '1991-06-21', 'Femenino', 'Avenida de las Américas 35, Granada', 'Cultura digital, arte contemporáneo, yoga', '2025-05-03 16:40:50', FALSE, 'Activo'),
('Fernando', 'Torres', 'fernando.torres@email.com', '+34612345640', '1985-02-17', 'Masculino', 'Plaza de la República 22, Salamanca', 'Senderismo, literatura clásica, tecnología', '2025-05-02 13:10:15', FALSE, 'Activo'),
('Nicolás', 'Córdoba', 'nicolas.cordoba@email.com', '+34678901500', '1995-10-17', 'Masculino', 'Calle del Sol 8, Toledo', 'Tecnología, videojuegos, ciclismo', '2025-05-04 20:05:30', FALSE, 'Activo'),
('Mario', 'López', 'mario.lopez@email.com', '+34612345679', '1985-05-11', 'Masculino', 'Calle Mayor 17, Barcelona', 'Música electrónica, exposiciones de arte', '2025-05-01 09:23:45', FALSE, 'Activo');

INSERT INTO eventos (titulo, id_categoria, id_sede, fecha_inicio, fecha_fin, descripcion, cupo_maximo, precio_entrada, id_coordinador, estado, imagen_promocional, requiere_inscripcion, es_privado) VALUES
('Conferencia de Tecnología', 21, 50, '2024-03-10 09:00:00', '2024-03-12 18:00:00', 'Explorando el futuro de la tecnología.', 100, 50.00, 1, 'Planificado', 'tech_conf.jpg', TRUE, FALSE),
('Taller de Programación', 22, 51, '2024-04-15 10:00:00', '2024-04-17 17:00:00', 'Aprende a programar desde cero.', 50, 25.00, 2, 'Abierto', 'programming_workshop.png', TRUE, FALSE),
('Exposición de Arte Moderno', 23, 52, '2024-05-20 11:00:00', '2024-05-25 20:00:00', 'Descubre las nuevas tendencias del arte.', 200, 10.00, 3, 'En Curso', 'art_expo.jpg', FALSE, FALSE),
('Concierto de Rock', 24, 53, '2024-06-30 19:00:00', '2024-06-30 23:00:00', 'La mejor música rock en vivo.', 500, 75.00, 4, 'Finalizado', 'rock_concert.jpeg', FALSE, FALSE),
('Otro Evento Cultural', 25, 54, '2024-07-10 12:00:00', '2024-07-12 22:00:00', 'Un evento para toda la familia.', 300, 0.00, 5, 'Cancelado', 'cultural_event.png', FALSE, FALSE),
('Seminario de Marketing Digital', 26, 55, '2024-08-15 09:00:00', '2024-08-16 18:00:00', 'Estrategias de marketing para el éxito.', 80, 60.00, 6, 'Planificado', 'digital_marketing.jpg', TRUE, FALSE),
('Curso de Diseño Gráfico', 27, 56, '2024-09-20 10:00:00', '2024-09-22 17:00:00', 'Herramientas y técnicas de diseño.', 40, 30.00, 7, 'Abierto', 'graphic_design.png', TRUE, FALSE),
('Feria de Ciencia y Tecnología', 28, 57, '2024-10-25 11:00:00', '2024-10-30 20:00:00', 'Innovaciones y descubrimientos científicos.', 250, 15.00, 8, 'En Curso', 'science_fair.jpg', FALSE, FALSE),
('Festival de Música Clásica', 29, 58, '2024-11-30 19:00:00', '2024-12-01 23:00:00', 'Disfruta de la música clásica.', 400, 80.00, 9, 'Finalizado', 'classical_music.jpeg', FALSE, FALSE),
('Taller de Fotografía', 30, 59, '2024-12-10 12:00:00', '2024-12-12 22:00:00', 'Captura momentos inolvidables.', 60, 0.00, 10, 'Cancelado', 'photography_workshop.png', FALSE, FALSE),
('Conferencia de Liderazgo', 31, 60, '2025-01-15 09:00:00', '2025-01-16 18:00:00', 'Desarrolla tus habilidades de liderazgo.', 70, 70.00, 1, 'Planificado', 'leadership_conf.jpg', TRUE, FALSE),
('Taller de Robótica', 32, 61, '2025-02-20 10:00:00', '2025-02-22 17:00:00', 'Construye y programa robots.', 30, 35.00, 2, 'Abierto', 'robotics_workshop.png', TRUE, FALSE),
('Exposición de Esculturas', 33, 62, '2025-03-25 11:00:00', '2025-03-30 20:00:00', 'Arte en tres dimensiones.', 180, 20.00, 3, 'En Curso', 'sculpture_expo.jpg', FALSE, FALSE),
('Concierto de Jazz', 34, 63, '2025-04-30 19:10:00', '2025-04-30 23:00:00', 'La improvisación y el ritmo del jazz.', 350, 85.00, 4, 'Finalizado', 'jazz_concert.jpeg', FALSE, FALSE),
('Otro Evento Deportivo', 35, 64, '2025-05-10 12:10:00', '2025-05-12 22:00:00', 'Actividades deportivas para todos.', 280, 0.00, 5, 'Cancelado', 'sports_event.png', FALSE, FALSE),
('Seminario de Finanzas Personales', 36, 65, '2025-06-15 09:00:00', '2025-06-16 18:00:00', 'Administra tu dinero de manera efectiva.', 65, 75.00, 6, 'Planificado', 'personal_finance.jpg', TRUE, FALSE),
('Curso de Cocina Internacional', 37, 66, '2025-07-20 10:00:00', '2025-07-22 17:00:00', 'Sabores de todo el mundo.', 25, 40.00, 7, 'Abierto', 'international_cuisine.png', TRUE, FALSE),
('Feria del Libro', 38, 67, '2025-08-25 11:00:00', '2025-08-30 20:00:00', 'Encuentra tu próxima lectura.', 220, 25.00, 8, 'En Curso', 'book_fair.jpg', FALSE, FALSE),
('Festival de Cine', 39, 68, '2025-09-30 19:00:00', '2025-10-01 23:00:00', 'Lo mejor del cine independiente.', 300, 90.00, 9, 'Finalizado', 'film_festival.jpeg', FALSE, FALSE),
('Taller de Teatro', 40, 69, '2025-10-10 12:00:00', '2025-10-12 22:00:00', 'Desarrolla tus habilidades actorales.', 55, 0.00, 10, 'Cancelado', 'theater_workshop.png', FALSE, FALSE),
('Conferencia de Negocios', 41, 70, '2025-11-15 09:00:00', '2025-11-16 18:00:00', 'Estrategias para el éxito empresarial.', 60, 80.00, 11, 'Planificado', 'business_conference.jpg', TRUE, FALSE),
('Curso de Idiomas', 42, 71, '2025-12-20 10:00:00', '2025-12-22 17:00:00', 'Aprende un nuevo idioma.', 20, 45.00, 12, 'Abierto', 'language_course.png', TRUE, FALSE),
('Exposición de Fotografía', 43, 72, '2026-01-25 11:00:00', '2026-01-30 20:00:00', 'El arte de capturar momentos.', 200, 30.00, 13, 'En Curso', 'photography_expo.jpg', FALSE, FALSE),
('Concierto de Música Electrónica', 44, 73, '2026-02-28 19:00:00', '2026-03-01 23:00:00', 'Los mejores beats de la música electrónica.', 250, 95.00, 14, 'Finalizado', 'electronic_music.jpeg', FALSE, FALSE),
('Otro Evento Educativo', 45, 74, '2026-03-10 12:00:00', '2026-03-12 22:00:00', 'Aprendizaje y desarrollo personal.', 180, 0.00, 15, 'Cancelado', 'educational_event.png', FALSE, FALSE),
('Seminario de Ventas', 46, 75, '2026-04-15 09:00:00', '2026-04-16 18:00:00', 'Técnicas de venta efectivas.', 55, 85.00, 16, 'Planificado', 'sales_seminar.jpg', TRUE, FALSE),
('Curso de Marketing de Contenidos', 47, 76, '2026-05-20 10:00:00', '2026-05-22 17:00:00', 'Crea contenido que atraiga y convierta.', 15, 50.00, 17, 'Abierto', 'content_marketing.png', TRUE, FALSE),
('Feria de Artesanías', 48, 77, '2026-06-25 11:00:00', '2026-06-30 20:00:00', 'Productos hechos a mano.', 150, 35.00, 18, 'En Curso', 'craft_fair.jpg', FALSE, FALSE),
('Festival de Danza', 49, 78, '2026-07-31 19:00:00', '2026-08-01 23:00:00', 'Expresión a través del movimiento.', 200, 100.00, 19, 'Finalizado', 'dance_festival.jpeg', FALSE, FALSE),
('Taller de Escritura Creativa', 50, 79, '2026-08-10 12:00:00', '2026-08-12 22:00:00', 'Despierta tu imaginación.', 50, 0.00, 20, 'Cancelado', 'creative_writing.png', FALSE, FALSE),
('Conferencia de Innovación', 51, 80, '2026-09-15 09:00:00', '2026-09-16 18:00:00', 'Ideas que transforman el mundo.', 50, 90.00, 21, 'Planificado', 'innovation_conf.jpg', TRUE, FALSE),
('Curso de Desarrollo Web', 52, 81, '2026-10-20 10:00:00', '2026-10-22 17:00:00', 'Crea sitios web modernos.', 10, 55.00, 22, 'Abierto', 'web_development.png', TRUE, FALSE),
('Exposición de Pintura', 53, 82, '2026-11-25 11:00:00', '2026-11-30 20:00:00', 'Colores y formas que inspiran.', 100, 40.00, 23, 'En Curso', 'painting_expo.jpg', FALSE, FALSE),
('Concierto de Música Pop', 54, 83, '2026-12-31 19:00:00', '2027-01-01 23:00:00', 'Los éxitos del momento.', 150, 105.00, 24, 'Finalizado', 'pop_music.jpeg', FALSE, FALSE),
('Otro Evento Social', 55, 84, '2027-01-10 12:00:00', '2027-01-12 22:00:00', 'Un espacio para compartir.', 120, 0.00, 25, 'Cancelado', 'social_event.png', FALSE, FALSE),
('Seminario de Recursos Humanos', 56, 85, '2027-02-15 09:00:00', '2027-02-16 18:00:00', 'Gestión del talento humano.', 45, 95.00, 26, 'Planificado', 'human_resources.jpg', TRUE, FALSE),
('Curso de Inteligencia Artificial', 57, 86, '2027-03-20 10:00:00', '2027-03-22 17:00:00', 'El futuro de la tecnología.', 5, 60.00, 27, 'Abierto', 'artificial_intelligence.png', TRUE, FALSE),
('Feria de Diseño', 58, 87, '2027-04-25 11:00:00', '2027-04-30 20:00:00', 'Creatividad en todas sus formas.', 80, 45.00, 28, 'En Curso', 'design_fair.jpg', FALSE, FALSE),
('Festival de Teatro', 59, 88, '2027-05-31 19:00:00', '2027-06-01 23:00:00', 'Obras que te harán reflexionar.', 100, 110.00, 29, 'Finalizado', 'theater_festival.jpeg', FALSE, FALSE),
('Taller de Cine', 60, 89, '2027-06-10 12:00:00', '2027-06-12 22:00:00', 'El arte de contar historias en la pantalla.', 40, 0.00, 30, 'Cancelado', 'film_workshop.png', FALSE, FALSE),
('Conferencia de Emprendimiento', 61, 90, '2027-07-15 09:00:00', '2027-07-16 18:00:00', 'Construye tu propio negocio.', 40, 100.00, 31, 'Planificado', 'entrepreneurship.jpg', TRUE, FALSE),
('Curso de Ciencia de Datos', 62, 91, '2027-08-20 10:00:00', '2027-08-22 17:00:00', 'Análisis de datos para la toma de decisiones.', 3, 65.00, 32, 'Abierto', 'data_science.png', TRUE, FALSE),
('Festival de Música Latina', 63, 92, '2027-10-31 19:00:00', '2027-11-01 23:00:00', 'Ritmos que te harán bailar.', 90, 115.00, 33, 'Finalizado', 'latin_music.jpeg', FALSE, FALSE),
('Taller de Yoga', 64, 93, '2027-11-10 12:00:00', '2027-11-12 22:00:00', 'Encuentra tu equilibrio.', 35, 0.00, 34, 'Cancelado', 'yoga_workshop.png', FALSE, FALSE),
('Conferencia de Psicología', 65, 94, '2027-12-15 09:00:00', '2027-12-16 18:00:00', 'Entendiendo la mente humana.', 35, 105.00, 35, 'Planificado', 'psychology_conf.jpg', TRUE, FALSE),
('Curso de Animación Digital', 66, 95, '2028-01-20 10:00:00', '2028-01-22 17:00:00', 'Da vida a tus ideas.', 2, 70.00, 36, 'Abierto', 'digital_animation.png', TRUE, FALSE),
('Feria de Tecnología Educativa', 67, 96, '2028-02-25 11:00:00', '2028-02-29 20:00:00', 'Herramientas para la educación del futuro.', 60, 55.00, 37, 'En Curso', 'edtech_fair.jpg', FALSE, FALSE),
('Festival de Ópera', 68, 97, '2028-03-31 19:00:00', '2028-04-01 23:00:00', 'La majestuosidad de la ópera.', 80, 120.00, 38, 'Finalizado', 'opera_festival.jpeg', FALSE, FALSE),
('Taller de Cerámica', 69, 98, '2028-04-10 12:00:00', '2028-04-12 22:00:00', 'Modelando con tus manos.', 30, 0.00, 39, 'Cancelado', 'ceramics_workshop.png', FALSE, FALSE),
('Conferencia de Sustentabilidad', 70, 99, '2028-05-15 09:00:00', '2028-05-16 18:00:00', 'Un futuro sostenible para el planeta.', 30, 110.00, 40, 'Planificado', 'sustainability_conf.jpg', TRUE, FALSE),
('Curso de Desarrollo de Videojuegos', 71, 10, '2028-06-20 10:00:00', '2028-06-22 17:00:00', 'Crea mundos virtuales.', 1, 75.00, 41, 'Abierto', 'game_development.png', TRUE, FALSE),
('Exposición de Joyería', 72, 1, '2028-07-25 11:00:00', '2028-07-29 20:00:00', 'El brillo de las piedras preciosas.', 50, 60.00, 42, 'En Curso', 'jewelry_expo.jpg', FALSE, FALSE),
('Festival de Música Country', 73, 2, '2028-08-31 19:00:00', '2028-09-01 23:00:00', 'Historias y melodías del campo.', 70, 125.00, 43, 'Finalizado', 'country_music.jpeg', FALSE, FALSE),
('Otro Evento Familiar', 74, 3, '2028-09-10 12:00:00', '2028-09-12 22:00:00', 'Diversión para todas las edades.', 40, 0.00, 44, 'Cancelado', 'family_event.png', FALSE, FALSE),
('Seminario de Nutrición', 75, 4, '2028-10-15 09:00:00', '2028-10-16 18:00:00', 'Alimentación saludable para una vida plena.', 25, 115.00, 45, 'Planificado', 'nutrition_seminar.jpg', TRUE, FALSE),
('Curso de Marketing Digital Avanzado', 76, 5, '2028-11-20 10:00:00', '2028-11-22 17:00:00', 'Estrategias de marketing para expertos.', 30, 80.00, 46, 'Abierto', 'advanced_digital_marketing.png', TRUE, FALSE),
('Feria de Productos Orgánicos', 77, 6, '2028-12-25 11:00:00', '2028-12-29 20:00:00', 'Alimentos naturales y sostenibles.', 40, 65.00, 47, 'En Curso', 'organic_products.jpg', FALSE, FALSE),
('Festival de Música Indie', 78, 7, '2028-12-31 19:00:00', '2029-01-01 23:00:00', 'Sonidos alternativos y originales.', 60, 130.00, 48, 'Finalizado', 'indie_music.jpeg', FALSE, FALSE),
('Taller de Caligrafía', 79, 8, '2029-01-10 12:00:00', '2029-01-12 22:00:00', 'El arte de la escritura hermosa.', 20, 0.00, 49, 'Cancelado', 'calligraphy_workshop.png', FALSE, FALSE),
('Conferencia de Inteligencia Emocional', 80, 9, '2029-02-15 09:00:00', '2029-02-16 18:00:00', 'Desarrolla tus habilidades emocionales.', 20, 120.00, 50, 'Planificado', 'emotional_intelligence.jpg', TRUE, FALSE),
('Curso de Ciberseguridad', 81, 10, '2029-03-20 10:00:00', '2029-03-22 17:00:00', 'Protege tus datos en el mundo digital.', 15, 85.00, 51, 'Abierto', 'cybersecurity.png', TRUE, FALSE),
('Feria de Startups', 82, 11, '2029-04-25 11:00:00', '2029-04-29 20:00:00', 'Ideas innovadoras que cambian el mundo.', 30, 70.00, 52, 'En Curso', 'startup_fair.jpg', FALSE, FALSE),
('Festival de Poesía', 83, 12, '2029-04-30 19:00:00', '2029-05-01 23:00:00', 'Versos que inspiran y emocionan.', 50, 135.00, 53, 'Finalizado', 'poetry_festival.jpeg', FALSE, FALSE),
('Taller de Salsa', 84, 13, '2029-05-10 12:00:00', '2029-05-12 22:00:00', 'Aprende a bailar salsa.', 15, 0.00, 54, 'Cancelado', 'salsa_workshop.png', FALSE, FALSE),
('Conferencia de Neurociencia', 85, 14, '2029-06-15 09:00:00', '2029-06-16 18:00:00', 'Explorando el cerebro humano.', 15, 125.00, 55, 'Planificado', 'neuroscience_conf.jpg', TRUE, FALSE),
('Curso de Realidad Virtual', 86, 15, '2029-07-20 10:00:00', '2029-07-22 17:00:00', 'Sumérgete en nuevas realidades.', 20, 90.00, 56, 'Abierto', 'virtual_reality.png', TRUE, FALSE),
('Feria de Productos Regionales', 87, 16, '2029-08-25 11:00:00', '2029-08-29 20:00:00', 'Sabores y tradiciones de nuestra tierra.', 20, 75.00, 57, 'En Curso', 'regional_products.jpg', FALSE, FALSE),
('Festival de Música Electrónica Experimental', 88, 17, '2029-08-31 19:00:00', '2029-09-01 23:00:00', 'Sonidos innovadores y vanguardistas.', 40, 140.00, 58, 'Finalizado', 'experimental_electronic.jpeg', FALSE, FALSE),
('Otro Evento Comunitario', 89, 18, '2029-09-10 12:00:00', '2029-09-12 22:00:00', 'Un espacio para la comunidad.', 10, 0.00, 59, 'Cancelado', 'community_event.png', FALSE, FALSE),
('Seminario de Gestión de Proyectos', 90, 19, '2029-10-15 09:00:00', '2029-10-16 18:00:00', 'Herramientas para la planificación y ejecución.', 10, 130.00, 60, 'Planificado', 'project_management.jpg', TRUE, FALSE),
('Curso de Desarrollo de Aplicaciones Móviles', 91, 20, '2029-11-20 10:00:00', '2029-11-22 17:00:00', 'Crea aplicaciones para smartphones.', 30, 95.00, 61, 'Abierto', 'mobile_apps.png', TRUE, FALSE),
('Feria de Arte Contemporáneo', 92, 21, '2029-11-25 11:00:00', '2029-11-29 20:00:00', 'Expresiones artísticas del presente.', 10, 80.00, 62, 'En Curso', 'contemporary_art.jpg', FALSE, FALSE),
('Festival de Música Folklórica', 93, 22, '2029-12-31 19:00:00', '2030-01-01 23:00:00', 'Tradiciones musicales de diferentes culturas.', 30, 145.00, 63, 'Finalizado', 'folk_music.jpeg', FALSE, FALSE),
('Taller de Teatro Musical', 94, 23, '2030-01-10 12:00:00', '2030-01-12 22:00:00', 'Actuación, canto y baile en el escenario.', 5, 0.00, 64, 'Cancelado', 'musical_theater.png', FALSE, FALSE),
('Conferencia de Filosofía', 95, 24, '2030-02-15 09:00:00', '2030-02-16 18:00:00', 'Reflexiones sobre la existencia y el conocimiento.', 5, 135.00, 65, 'Planificado', 'philosophy_conf.jpg', TRUE, FALSE),
('Curso de Diseño de Experiencia de Usuario (UX)', 96, 25, '2030-03-20 10:00:00', '2030-03-22 17:00:00', 'Crea interfaces intuitivas y amigables.', 14, 100.00, 66, 'Abierto', 'ux_design.png', TRUE, FALSE),
('Feria de Turismo', 97, 26, '2030-04-25 11:00:00', '2030-04-29 20:00:00', 'Descubre nuevos destinos y aventuras.', 20, 85.00, 67, 'En Curso', 'tourism_fair.jpg', FALSE, FALSE),
('Festival de Música Clásica Contemporánea', 98, 27, '2030-04-30 19:00:00', '2030-05-01 23:00:00', 'Nuevas composiciones e interpretaciones.', 20, 150.00, 68, 'Finalizado', 'contemporary_classical.jpeg', FALSE, FALSE),
('Taller de Escritura de Guiones', 99, 28, '2030-05-10 12:00:00', '2030-05-12 22:00:00', 'Desarrolla tu talento para contar historias.', 30, 0.00, 69, 'Cancelado', 'screenwriting_workshop.png', FALSE, FALSE),
('Conferencia sobre Blockchain', 20, 29, '2029-10-20 09:00:00', '2029-10-21 18:00:00', 'Explorando el futuro de la tecnología descentralizada.', 45, 120.00, 70, 'Planificado', 'blockchain_conf.jpg', TRUE, FALSE),
('Taller de Redes Sociales', 1, 30, '2029-11-10 10:00:00', '2029-11-12 17:00:00', 'Cómo dominar las plataformas sociales para negocios.', 30, 50.00, 71, 'Abierto', 'social_media_workshop.png', TRUE, FALSE),
('Exposición de Fotografía Contemporánea', 2, 31, '2029-12-05 11:00:00', '2029-12-10 20:00:00', 'Una mirada a la fotografía moderna.', 150, 25.00, 72, 'En Curso', 'contemporary_photography_expo.jpg', FALSE, FALSE),
('Concierto de Hip-Hop', 3, 32, '2029-12-20 19:00:00', '2029-12-20 23:00:00', 'La cultura del hip-hop en vivo.', 300, 100.00, 73, 'Finalizado', 'hip_hop_concert.jpeg', FALSE, FALSE),
('Festival Internacional de Cortometrajes', 4, 33, '2030-01-15 12:00:00', '2030-01-16 22:00:00', 'Cine corto y poderoso.', 200, 50.00, 74, 'Cancelado', 'short_film_festival.png', FALSE, FALSE),
('Seminario de E-Commerce', 5, 34, '2030-02-10 09:00:00', '2030-02-11 18:00:00', 'Estrategias para el comercio electrónico.', 60, 90.00, 75, 'Planificado', 'ecommerce_seminar.jpg', TRUE, FALSE),
('Curso de Realidad Aumentada', 6, 35, '2030-03-05 10:00:00', '2030-03-07 17:00:00', 'Sumérgete en el mundo de la realidad aumentada.', 20, 75.00, 76, 'Abierto', 'augmented_reality_course.png', TRUE, FALSE),
('Feria de Emprendedores', 7, 36, '2030-04-10 11:00:00', '2030-04-15 20:00:00', 'Apoya a los emprendedores locales.', 250, 40.00, 77, 'En Curso', 'entrepreneur_fair.jpg', FALSE, FALSE),
('Festival de Música Rock Alternativo', 8, 37, '2030-05-01 19:00:00', '2030-05-01 23:00:00', 'Sonidos alternativos y potentes.', 350, 120.00, 78, 'Finalizado', 'alt_rock_festival.jpeg', FALSE, FALSE),
('Taller de Pintura al Óleo', 9, 38, '2030-06-10 12:00:00', '2030-06-12 22:00:00', 'Aprende la técnica de la pintura al óleo.', 25, 0.00, 79, 'Cancelado', 'oil_painting_workshop.png', FALSE, FALSE),
('Conferencia de Marketing para Startups', 10, 39, '2030-07-15 09:00:00', '2030-07-16 18:00:00', 'Tácticas de marketing para nuevos negocios.', 80, 110.00, 80, 'Planificado', 'startup_marketing_conf.jpg', TRUE, FALSE),
('Curso de Fotografía Digital', 11, 40, '2030-08-20 10:00:00', '2030-08-22 17:00:00', 'Captura imágenes profesionales con tu cámara.', 15, 50.00, 81, 'Abierto', 'digital_photography_course.png', TRUE, FALSE),
('Feria de Emprendimiento Social', 12, 41, '2030-09-10 11:00:00', '2030-09-15 20:00:00', 'Emprendimiento con impacto social positivo.', 150, 30.00, 82, 'En Curso', 'social_entrepreneurship_fair.jpg', FALSE, FALSE),
('Festival de Música Experimental', 13, 42, '2030-10-30 19:00:00', '2030-10-30 23:00:00', 'Explora sonidos experimentales y únicos.', 100, 130.00, 83, 'Finalizado', 'experimental_music_festival.jpeg', FALSE, FALSE),
('Taller de Escritura de Guiones', 14, 43, '2030-11-15 12:00:00', '2030-11-17 22:00:00', 'Escribe guiones para cine o televisión.', 20, 0.00, 84, 'Cancelado', 'scriptwriting_workshop.png', FALSE, FALSE),
('Conferencia de Big Data', 15, 44, '2030-12-05 09:00:00', '2030-12-06 18:00:00', 'Tendencias y análisis de grandes volúmenes de datos.', 60, 95.00, 85, 'Planificado', 'big_data_conf.jpg', TRUE, FALSE),
('Curso de Fotografía Móvil', 16, 45, '2031-01-15 10:00:00', '2031-01-17 17:00:00', 'Aprende a capturar fotos profesionales con tu teléfono.', 30, 25.00, 86, 'Abierto', 'mobile_photography_course.png', TRUE, FALSE),
('Feria de Innovación Tecnológica', 17, 46, '2031-02-20 11:00:00', '2031-02-25 20:00:00', 'Lo último en avances tecnológicos.', 200, 60.00, 87, 'En Curso', 'tech_innovation_fair.jpg', FALSE, FALSE),
('Festival de Música Folk', 18, 47, '2031-03-31 19:00:00', '2031-04-01 23:00:00', 'Cultura y melodías del folk.', 120, 115.00, 88, 'Finalizado', 'folk_music_festival.jpeg', FALSE, FALSE),
('Taller de Arte Urbano', 19, 48, '2031-04-10 12:00:00', '2031-04-12 22:00:00', 'Exprésate con el arte urbano.', 45, 0.00, 89, 'Cancelado', 'urban_art_workshop.png', FALSE, FALSE);

INSERT INTO recursos (nombre, tipo, descripcion, cantidad_disponible, costo_unitario, requiere_tecnico, estado, fecha_adquisicion) VALUES
('Proyector Epson EB-X05', 'Audiovisual', 'Proyector de alta definición', 5, 150.00, TRUE, 'Disponible', '2023-01-15'),
('Sillas plegables', 'Mobiliario', 'Sillas para eventos', 200, 10.00, FALSE, 'Disponible', '2023-01-15'),
('Micrófono Shure SM58', 'Técnico', 'Micrófono vocal', 10, 80.00, TRUE, 'Disponible', '2023-02-20'),
('Mesa redonda', 'Mobiliario', 'Mesa para reuniones', 20, 40.00, FALSE, 'Disponible', '2023-02-20'),
('Pantalla de proyección', 'Audiovisual', 'Pantalla para proyector', 5, 75.00, TRUE, 'Disponible', '2023-03-25'),
('Sistema de sonido', 'Audiovisual', 'Equipo de sonido completo', 2, 500.00, TRUE, 'Disponible', '2023-03-25'),
('Iluminación LED', 'Técnico', 'Luces para escenario', 15, 120.00, TRUE, 'Disponible', '2023-04-30'),
('Podio', 'Mobiliario', 'Atril para presentaciones', 5, 60.00, FALSE, 'Disponible', '2023-04-30'),
('Cámara de video', 'Audiovisual', 'Cámara para grabar eventos', 3, 200.00, TRUE, 'Disponible', '2023-05-05'),
('Trípode', 'Técnico', 'Soporte para cámara', 10, 30.00, TRUE, 'Disponible', '2023-05-05'),
('Manteles', 'Decoración', 'Manteles para mesas', 50, 25.00, FALSE, 'Disponible', '2023-06-10'),
('Flores artificiales', 'Decoración', 'Arreglos florales', 30, 15.00, FALSE, 'Disponible', '2023-06-10'),
('Extintor', 'Otro', 'Equipo de seguridad', 5, 100.00, FALSE, 'Disponible', '2023-07-15'),
('Botiquín de primeros auxilios', 'Otro', 'Kit de emergencia', 5, 50.00, FALSE, 'Disponible', '2023-07-15'),
('Generador eléctrico', 'Técnico', 'Fuente de energía', 1, 1000.00, TRUE, 'Disponible', '2023-08-20'),
('Aire acondicionado portátil', 'Otro', 'Sistema de climatización', 3, 300.00, FALSE, 'Disponible', '2023-08-20'),
('Sillas de oficina', 'Mobiliario', 'Sillas ergonómicas', 10, 70.00, FALSE, 'Disponible', '2023-09-25'),
('Pizarra blanca', 'Otro', 'Superficie para escribir', 5, 90.00, FALSE, 'Disponible', '2023-09-25'),
('Rotafolio', 'Otro', 'Soporte para presentaciones', 5, 45.00, FALSE, 'Disponible', '2023-10-30'),
('Laptops', 'Técnico', 'Ordenadores portátiles', 5, 800.00, TRUE, 'Disponible', '2023-10-30'),
('Impresora', 'Otro', 'Dispositivo de impresión', 2, 250.00, TRUE, 'Disponible', '2023-11-05'),
('Escáner', 'Otro', 'Dispositivo de digitalización', 2, 150.00, TRUE, 'Disponible', '2023-11-05'),
('Cables HDMI', 'Técnico', 'Cables para conexión', 20, 15.00, TRUE, 'Disponible', '2023-12-10'),
('Cables de audio', 'Técnico', 'Cables para sonido', 20, 12.00, TRUE, 'Disponible', '2023-12-10'),
('Extensiones eléctricas', 'Técnico', 'Cables de extensión', 15, 20.00, TRUE, 'Disponible', '2024-01-15'),
('Cinta adhesiva', 'Otro', 'Material de sujeción', 10, 5.00, FALSE, 'Disponible', '2024-01-15'),
('Tijeras', 'Otro', 'Herramienta de corte', 5, 8.00, FALSE, 'Disponible', '2024-02-20'),
('Cúter', 'Otro', 'Herramienta de corte', 5, 10.00, FALSE, 'Disponible', '2024-02-20'),
('Martillo', 'Otro', 'Herramienta de golpe', 3, 15.00, FALSE, 'Disponible', '2024-03-25'),
('Destornilladores', 'Otro', 'Herramientas de atornillar', 5, 20.00, FALSE, 'Disponible', '2024-03-25'),
('Llaves inglesas', 'Otro', 'Herramientas de ajuste', 3, 25.00, FALSE, 'Disponible', '2024-04-30'),
('Taladro', 'Otro', 'Herramienta de perforación', 1, 80.00, TRUE, 'Disponible', '2024-04-30'),
('Sierra', 'Otro', 'Herramienta de corte', 1, 50.00, TRUE, 'Disponible', '2024-05-05'),
('Nivel', 'Otro', 'Herramienta de medición', 2, 30.00, FALSE, 'Disponible', '2024-05-05'),
('Cinta métrica', 'Otro', 'Herramienta de medición', 5, 10.00, FALSE, 'Disponible', '2024-06-10'),
('Escalera', 'Otro', 'Estructura para alcanzar alturas', 2, 100.00, FALSE, 'Disponible', '2024-06-10'),
('Carretilla', 'Otro', 'Vehículo de transporte', 1, 150.00, FALSE, 'Disponible', '2024-07-15'),
('Guantes de trabajo', 'Otro', 'Equipo de protección', 10, 10.00, FALSE, 'Disponible', '2024-07-15'),
('Gafas de seguridad', 'Otro', 'Equipo de protección', 10, 12.00, FALSE, 'Disponible', '2024-08-20'),
('Casco de seguridad', 'Otro', 'Equipo de protección', 5, 20.00, FALSE, 'Disponible', '2024-08-20'),
('Chaleco reflectante', 'Otro', 'Equipo de seguridad', 5, 15.00, FALSE, 'Disponible', '2024-09-25'),
('Conos de tráfico', 'Otro', 'Señalización vial', 10, 25.00, FALSE, 'Disponible', '2024-09-25'),
('Cinta de señalización', 'Otro', 'Delimitación de áreas', 20, 8.00, FALSE, 'Disponible', '2024-10-30'),
('Vallas de seguridad', 'Otro', 'Barreras de contención', 5, 120.00, FALSE, 'Disponible', '2024-10-30'),
('Megáfono', 'Audiovisual', 'Amplificador de voz', 2, 90.00, TRUE, 'Disponible', '2024-11-05'),
('Walkie-talkies', 'Técnico', 'Radios de comunicación', 10, 50.00, TRUE, 'Disponible', '2024-11-05'),
('Linternas', 'Otro', 'Fuente de luz portátil', 10, 15.00, FALSE, 'Disponible', '2024-12-10'),
('Baterías', 'Técnico', 'Fuente de energía', 20, 5.00, TRUE, 'Disponible', '2024-12-10'),
('Cargadores', 'Técnico', 'Dispositivos de carga', 10, 20.00, TRUE, 'Disponible', '2025-01-15'),
('Adaptadores', 'Técnico', 'Conectores', 10, 10.00, TRUE, 'Disponible', '2025-01-15'),
('Convertidores', 'Técnico', 'Transformadores', 5, 30.00, TRUE, 'Disponible', '2025-02-20'),
('Reguladores', 'Técnico', 'Estabilizadores de voltaje', 3, 40.00, TRUE, 'Disponible', '2025-02-20'),
('Filtros', 'Técnico', 'Componentes de sonido/imagen', 10, 25.00, TRUE, 'Disponible', '2025-03-25'),
('Lentes', 'Audiovisual', 'Objetivos de cámara', 5, 200.00, TRUE, 'Disponible', '2025-03-25'),
('Focos', 'Técnico', 'Fuentes de luz', 15, 80.00, TRUE, 'Disponible', '2025-04-30'),
('Dimmers', 'Técnico', 'Controladores de luz', 10, 60.00, TRUE, 'Disponible', '2025-04-30'),
('Cables XLR', 'Técnico', 'Cables de audio balanceados', 20, 18.00, TRUE, 'Disponible', '2025-05-05'),
('Cables RCA', 'Técnico', 'Cables de audio no balanceados', 20, 15.00, TRUE, 'Disponible', '2025-05-05'),
('Soportes de micrófono', 'Técnico', 'Soportes para micrófonos', 10, 40.00, TRUE, 'Disponible', '2025-06-10'),
('Atriles de música', 'Mobiliario', 'Soportes para partituras', 10, 30.00, FALSE, 'Disponible', '2025-06-10'),
('Tarimas', 'Mobiliario', 'Plataformas elevadas', 5, 200.00, FALSE, 'Disponible', '2025-07-15'),
('Paneles acústicos', 'Otro', 'Material de insonorización', 20, 50.00, FALSE, 'Disponible', '2025-07-15'),
('Alfombras', 'Decoración', 'Revestimientos de suelo', 10, 80.00, FALSE, 'Disponible', '2025-08-20'),
('Cortinas', 'Decoración', 'Elementos de decoración textil', 15, 120.00, FALSE, 'Disponible', '2025-08-20'),
('Plantas', 'Decoración', 'Elementos de decoración vegetal', 20, 30.00, FALSE, 'Disponible', '2025-09-25'),
('Esculturas', 'Decoración', 'Obras de arte tridimensionales', 5, 300.00, FALSE, 'Disponible', '2025-09-25'),
('Cuadros', 'Decoración', 'Obras de arte bidimensionales', 10, 200.00, FALSE, 'Disponible', '2025-10-30'),
('Espejos', 'Decoración', 'Superficies reflectantes', 10, 150.00, FALSE, 'Disponible', '2025-10-30'),
('Relojes', 'Decoración', 'Indicadores de tiempo', 5, 60.00, FALSE, 'Disponible', '2025-11-05'),
('Lámparas', 'Decoración', 'Fuentes de luz artificial', 20, 40.00, FALSE, 'Disponible', '2025-11-05'),
('Velas', 'Decoración', 'Fuentes de luz y aroma', 50, 10.00, FALSE, 'Disponible', '2025-12-10'),
('Incienso', 'Decoración', 'Elementos de aroma', 30, 8.00, FALSE, 'Disponible', '2025-12-10'),
('Fuentes de agua', 'Decoración', 'Elementos de agua', 3, 500.00, FALSE, 'Disponible', '2026-01-15'),
('Burbujas', 'Decoración', 'Elementos de diversión', 10, 20.00, FALSE, 'Disponible', '2026-01-15'),
('Confeti', 'Decoración', 'Elementos de celebración', 100, 5.00, FALSE, 'Disponible', '2026-02-20'),
('Serpentinas', 'Decoración', 'Elementos de celebración', 100, 3.00, FALSE, 'Disponible', '2026-02-20'),
('Globos', 'Decoración', 'Elementos decorativos inflables', 200, 2.00, FALSE, 'Disponible', '2026-03-25'),
('Banderas', 'Decoración', 'Elementos decorativos de tela', 50, 15.00, FALSE, 'Disponible', '2026-03-25'),
('Guirnaldas', 'Decoración', 'Elementos decorativos colgantes', 100, 10.00, FALSE, 'Disponible', '2026-04-30'),
('Farolillos', 'Decoración', 'Elementos de iluminación decorativa', 30, 25.00, FALSE, 'Disponible', '2026-04-30'),
('Velas flotantes', 'Decoración', 'Elementos de iluminación acuática', 50, 12.00, FALSE, 'Disponible', '2026-05-05'),
('Hielo seco', 'Otro', 'Elemento para efectos especiales', 5, 50.00, FALSE, 'Disponible', '2026-05-05'),
('Máquina de humo', 'Técnico', 'Dispositivo para efectos de humo', 2, 150.00, TRUE, 'Disponible', '2026-06-10'),
('Máquina de burbujas', 'Otro', 'Dispositivo para crear burbujas', 2, 80.00, FALSE, 'Disponible', '2026-06-10'),
('Lanzador de confeti', 'Otro', 'Dispositivo para lanzar confeti', 1, 200.00, FALSE, 'Disponible', '2026-07-15'),
('Lanzador de serpentinas', 'Otro', 'Dispositivo para lanzar serpentinas', 1, 180.00, FALSE, 'Disponible', '2026-07-15'),
('Telón de fondo', 'Decoración', 'Fondo escénico', 5, 100.00, FALSE, 'Disponible', '2026-08-20'),
('Alfombra roja', 'Decoración', 'Revestimiento de suelo especial', 1, 300.00, FALSE, 'Disponible', '2026-08-20'),
('Cuerdas', 'Otro', 'Elementos de sujeción', 20, 5.00, FALSE, 'Disponible', '2026-09-25'),
('Cadenas', 'Otro', 'Elementos de sujeción', 10, 10.00, FALSE, 'Disponible', '2026-09-25'),
('Candados', 'Otro', 'Elementos de seguridad', 5, 15.00, FALSE, 'Disponible', '2026-10-30'),
('Llaves', 'Otro', 'Elementos de apertura', 10, 2.00, FALSE, 'Disponible', '2026-10-30'),
('Cajas', 'Otro', 'Contenedores', 30, 8.00, FALSE, 'Disponible', '2026-11-05'),
('Bolsas', 'Otro', 'Contenedores', 50, 1.00, FALSE, 'Disponible', '2026-11-05'),
('Papel', 'Otro', 'Material de escritura/impresión', 100, 0.50, FALSE, 'Disponible', '2026-12-10'),
('Bolígrafos', 'Otro', 'Instrumentos de escritura', 100, 0.20, FALSE, 'Disponible', '2026-12-10'),
('Lápices', 'Otro', 'Instrumentos de escritura', 100, 0.15, FALSE, 'Disponible', '2027-01-15'),
('Gomas de borrar', 'Otro', 'Material de corrección', 50, 0.10, FALSE, 'Disponible', '2027-01-15'),
('Sacapuntas', 'Otro', 'Instrumentos de afilado', 20, 0.05, FALSE, 'Disponible', '2027-02-20'),
('Reglas', 'Otro', 'Instrumentos de medición', 20, 0.30, FALSE, 'Disponible', '2027-02-20');

INSERT INTO patrocinadores (nombre_empresa, tipo_empresa, persona_contacto, telefono, email, direccion, logo_empresa, sitio_web, descripcion, fecha_inicio_relacion, clasificacion, estado) VALUES
('Tech Solutions', 'Tecnología', 'Juan Pérez', '555-1234', 'juan@tech.com', '123 Calle', 'tech.png', 'www.tech.com', 'Soluciones tecnológicas.', '2023-01-15', 'Platino', 'Activo'),
('Global Events', 'Eventos', 'Ana García', '555-5678', 'ana@global.com', '456 Av', 'global.jpg', 'www.global.com', 'Organización de eventos.', '2023-02-20', 'Oro', 'Activo'),
('Food & Bev', 'Alimentos', 'Carlos Rodríguez', '555-9012', 'carlos@food.com', '789 Calle', 'food.png', 'www.food.com', 'Alimentos y bebidas.', '2023-03-25', 'Plata', 'Activo'),
('Artistic Co', 'Arte', 'Sofía Martínez', '555-3456', 'sofia@art.com', '101 Calle', 'art.png', 'www.art.com', 'Eventos culturales.', '2023-04-30', 'Bronce', 'Activo'),
('Sports Gear', 'Deportes', 'Pedro López', '555-7890', 'pedro@sports.com', '222 Av', 'sports.jpg', 'www.sports.com', 'Equipamiento deportivo.', '2023-05-05', 'Platino', 'Activo'),
('Fin Services', 'Finanzas', 'Laura Sánchez', '555-2345', 'laura@fin.com', '333 Calle', 'fin.png', 'www.fin.com', 'Servicios financieros.', '2023-06-10', 'Oro', 'Activo'),
('Education 1st', 'Educación', 'Diego Ramírez', '555-6789', 'diego@edu.com', '444 Av', 'edu.png', 'www.edu.com', 'Institución educativa.', '2023-07-15', 'Plata', 'Activo'),
('Fashion Inc', 'Moda', 'Isabela Torres', '555-1212', 'isabela@fashion.com', '555 Calle', 'fashion.jpg', 'www.fashion.com', 'Ropa y accesorios.', '2023-08-20', 'Bronce', 'Activo'),
('Music Sounds', 'Música', 'Javier Flores', '555-5656', 'javier@music.com', '666 Av', 'music.png', 'www.music.com', 'Eventos musicales.', '2023-09-25', 'Platino', 'Activo'),
('Health & Well', 'Salud', 'Mariana Vargas', '555-9090', 'mariana@health.com', '777 Calle', 'health.png', 'www.health.com', 'Bienestar.', '2023-10-30', 'Oro', 'Activo'),
('Green Energy', 'Energía', 'Roberto Jiménez', '555-3434', 'roberto@green.com', '888 Av', 'green.png', 'www.green.com', 'Energía renovable.', '2023-11-05', 'Plata', 'Activo'),
('Travel Corp', 'Turismo', 'Fernanda Castro', '555-7878', 'fernanda@travel.com', '999 Calle', 'travel.jpg', 'www.travel.com', 'Viajes y turismo.', '2023-12-10', 'Bronce', 'Activo'),
('Creative Co', 'Diseño', 'Andrés Herrera', '555-2323', 'andres@creative.com', '100 Calle', 'creative.png', 'www.creative.com', 'Diseño gráfico.', '2024-01-15', 'Platino', 'Activo'),
('Books & More', 'Libros', 'Valentina Ruiz', '555-6767', 'valentina@books.com', '200 Av', 'books.png', 'www.books.com', 'Librería.', '2024-02-20', 'Oro', 'Activo'),
('Tech Innov', 'Tecnología', 'Samuel Díaz', '555-1213', 'samuel@tech.com', '300 Calle', 'tech.png', 'www.tech.com', 'Software y hardware.', '2024-03-25', 'Plata', 'Activo'),
('Gourmet Ltd', 'Alimentos', 'Ximena Núñez', '555-5657', 'ximena@gourmet.com', '400 Av', 'gourmet.jpg', 'www.gourmet.com', 'Restaurante.', '2024-04-30', 'Bronce', 'Activo'),
('Fitness Clubs', 'Deportes', 'Ricardo Medina', '555-9091', 'ricardo@fitness.com', '500 Calle', 'fitness.png', 'www.fitness.com', 'Gimnasio.', '2024-05-05', 'Platino', 'Activo'),
('Finance', 'Finanzas', 'Daniela Castillo', '555-3435', 'daniela@finance.com', '600 Av', 'finance.png', 'www.finance.com', 'Banco.', '2024-06-10', 'Oro', 'Activo'),
('Language Corp', 'Educación', 'Emilio Ortiz', '555-7879', 'emilio@language.com', '700 Calle', 'language.png', 'www.language.com', 'Academia de idiomas.', '2024-07-15', 'Plata', 'Activo'),
('Fashion House', 'Moda', 'Valeria Guerra', '555-2324', 'valeria@fashion.com', '800 Av', 'fashion.jpg', 'www.fashion.com', 'Tienda de ropa.', '2024-08-20', 'Bronce', 'Activo'),
('Music Prod', 'Música', 'Alejandro Ríos', '555-6768', 'alejandro@music.com', '900 Calle', 'music.png', 'www.music.com', 'Conciertos.', '2024-09-25', 'Platino', 'Activo'),
('Wellness Spa', 'Salud', 'Carolina Chávez', '555-1214', 'carolina@wellness.com', '1000 Av', 'wellness.png', 'www.wellness.com', 'Centro de bienestar.', '2024-10-30', 'Oro', 'Activo'),
('Eco Consult', 'Energía', 'Fernando Luna', '555-5658', 'fernando@eco.com', '1100 Calle', 'eco.png', 'www.eco.com', 'Sostenibilidad.', '2024-11-05', 'Plata', 'Activo'),
('Travel Agencia', 'Turismo', 'Gabriela Molina', '555-9092', 'gabriela@travel.com', '1200 Av', 'travel.jpg', 'www.travel.com', 'Agencia de viajes.', '2024-12-10', 'Bronce', 'Activo'),
('Design Studios', 'Diseño', 'Héctor Ortega', '555-3436', 'hector@design.com', '1300 Calle', 'design.png', 'www.design.com', 'Diseño digital.', '2025-01-15', 'Platino', 'Activo'),
('Publishing Corp', 'Libros', 'Irene Salas', '555-7880', 'irene@publish.com', '1400 Av', 'publish.png', 'www.publish.com', 'Editorial.', '2025-02-20', 'Oro', 'Activo'),
('Advanced Tech', 'Tecnología', 'Jorge Vargas', '555-2325', 'jorge@tech.com', '1500 Calle', 'tech.png', 'www.tech.com', 'Tecnología avanzada.', '2025-03-25', 'Plata', 'Activo'),
('Dining Ltd', 'Alimentos', 'Karen Torres', '555-6769', 'karen@dining.com', '1600 Av', 'dining.jpg', 'www.dining.com', 'Restaurante de lujo.', '2025-04-30', 'Bronce', 'Activo'),
('Active Life', 'Deportes', 'Luis Ramírez', '555-1215', 'luis@active.com', '1700 Calle', 'active.png', 'www.active.com', 'Centro de fitness.', '2025-05-05', 'Platino', 'Activo'),
('Finance Co', 'Finanzas', 'Mónica Díaz', '555-5659', 'monica@finance.com', '1800 Av', 'finance.png', 'www.finance.com', 'Asesoría financiera.', '2025-06-10', 'Oro', 'Activo'),
('Language', 'Educación', 'Nelson Ruiz', '555-9093', 'nelson@language.com', '1900 Calle', 'language.png', 'www.language.com', 'Instituto de idiomas.', '2025-07-15', 'Plata', 'Activo'),
('Trendy Store', 'Moda', 'Olivia Castillo', '555-3437', 'olivia@trendy.com', '2000 Av', 'trendy.jpg', 'www.trendy.com', 'Tienda de moda.', '2025-08-20', 'Bronce', 'Activo'),
('Music Group', 'Música', 'Pablo Guerra', '555-7881', 'pablo@music.com', '2100 Calle', 'music.png', 'www.music.com', 'Compañía discográfica.', '2025-09-25', 'Platino', 'Activo'),
('Health Center', 'Salud', 'Quetzal Flores', '555-2326', 'quetzal@health.com', '2200 Av', 'health.png', 'www.health.com', 'Centro de salud.', '2025-10-30', 'Oro', 'Activo'),
('Energy Corp', 'Energía', 'Raquel Ortega', '555-6770', 'raquel@energy.com', '2300 Calle', 'energy.png', 'www.energy.com', 'Energía sostenible.', '2025-11-05', 'Plata', 'Activo'),
('Travel Experts', 'Turismo', 'Sergio Herrera', '555-1216', 'sergio@travel.com', '2400 Av', 'travel.jpg', 'www.travel.com', 'Agencia de viajes global.', '2025-12-10', 'Bronce', 'Activo'),
('Design Agency', 'Diseño', 'Tania Ruiz', '555-5660', 'tania@design.com', '2500 Calle', 'design.png', 'www.design.com', 'Agencia de diseño.', '2026-01-15', 'Platino', 'Activo'),
('Publishing Co', 'Libros', 'Ulises Salas', '555-9094', 'ulises@publish.com', '2600 Av', 'publish.png', 'www.publish.com', 'Editorial internacional.', '2026-02-20', 'Oro', 'Activo'),
('Cutting Edge', 'Tecnología', 'Violeta Díaz', '555-3438', 'violeta@tech.com', '2700 Calle', 'tech.png', 'www.tech.com', 'Tecnología punta.', '2026-03-25', 'Plata', 'Activo'),
('Cuisine Ltd', 'Alimentos', 'Walter Núñez', '555-7882', 'walter@cuisine.com', '2800 Av', 'cuisine.jpg', 'www.cuisine.com', 'Restaurante de alta gama.', '2026-04-30', 'Bronce', 'Activo'),
('Fitness Centro', 'Deportes', 'Xenia Medina', '555-2327', 'xenia@fitness.com', '2900 Calle', 'fitness.png', 'www.fitness.com', 'Gimnasio de lujo.', '2026-05-05', 'Platino', 'Activo'),
('Finance Corp', 'Finanzas', 'Yahir Castillo', '555-6771', 'yahir@finance.com', '3000 Av', 'finance.png', 'www.finance.com', 'Asesoramiento financiero.', '2026-06-10', 'Oro', 'Activo'),
('Education Co', 'Educación', 'Zoe Ortiz', '555-1217', 'zoe@education.com', '3100 Calle', 'education.png', 'www.education.com', 'Centro de enseñanza.', '2026-07-15', 'Plata', 'Activo'),
('Fashion Co', 'Moda', 'Aaron Guerra', '555-5661', 'aaron@fashion.com', '3200 Av', 'fashion.jpg', 'www.fashion.com', 'Boutique de diseño.', '2026-08-20', 'Bronce', 'Activo'),
('Music Co', 'Música', 'Beatriz Ríos', '555-9095', 'beatriz@music.com', '3300 Calle', 'music.png', 'www.music.com', 'Productora musical.', '2026-09-25', 'Platino', 'Activo'),
('Wellness Co', 'Salud', 'César Chávez', '555-3439', 'cesar@wellness.com', '3400 Av', 'wellness.png', 'www.wellness.com', 'Centro de bienestar.', '2026-10-30', 'Oro', 'Activo'),
('Energy Co', 'Energía', 'Diana Luna', '555-7883', 'diana@energy.com', '3500 Calle', 'energy.png', 'www.energy.com', 'Energía sostenible.', '2026-11-05', 'Plata', 'Activo'),
('Travel Co', 'Turismo', 'Eduardo Molina', '555-2328', 'eduardo@travel.com', '3600 Av', 'travel.jpg', 'www.travel.com', 'Agencia de viajes.', '2026-12-10', 'Bronce', 'Activo'),
('Design Co', 'Diseño', 'Fernanda Ortega', '555-6772', 'fernanda@design.com', '3700 Calle', 'design.png', 'www.design.com', 'Diseño visual.', '2027-01-15', 'Platino', 'Activo'),
('Literature', 'Libros', 'Gustavo Herrera', '555-1218', 'gustavo@literature.com', '3800 Av', 'literature.png', 'www.literature.com', 'Editorial clásica.', '2027-02-20', 'Oro', 'Activo'),
('Tech Co', 'Tecnología', 'Helena Ruiz', '555-5662', 'helena@tech.com', '3900 Calle', 'tech.png', 'www.tech.com', 'Tecnología futura.', '2027-03-25', 'Plata', 'Activo'),
('Delights Co', 'Alimentos', 'Ignacio Salas', '555-9096', 'ignacio@delights.com', '4000 Av', 'delights.jpg', 'www.delights.com', 'Cadena de restaurantes.', '2027-04-30', 'Bronce', 'Activo'),
('Fitness Co', 'Deportes', 'Jimena Díaz', '555-3440', 'jimena@fitness.com', '4100 Calle', 'fitness.png', 'www.elitefitness.com', 'Gimnasio de alto rendimiento.', '2027-05-05', 'Platino', 'Activo'),
('Financial Co', 'Finanzas', 'Kevin Castillo', '555-7884', 'kevin@financial.com', '4200 Av', 'financial.png', 'www.financial.com', 'Planificación financiera.', '2027-06-10', 'Oro', 'Activo'),
('Language Center', 'Educación', 'Laura Guerra', '555-2329', 'laura@language.com', '4300 Calle', 'language.png', 'www.language.com', 'Escuela de idiomas.', '2027-07-15', 'Plata', 'Activo'),
('Fashion Boutique', 'Moda', 'Martín Flores', '555-6773', 'martin@fashion.com', '4400 Av', 'fashion.jpg', 'www.fashion.com', 'Tienda de diseño.', '2027-08-20', 'Bronce', 'Activo'),
('Music Productions', 'Música', 'Natalia Ortega', '555-1219', 'natalia@music.com', '4500 Calle', 'music.png', 'www.music.com', 'Productora de eventos.', '2027-09-25', 'Platino', 'Activo'),
('Health Solutions', 'Salud', 'Oscar Ramírez', '555-5663', 'oscar@health.com', '4600 Av', 'health.png', 'www.health.com', 'Soluciones de salud.', '2027-10-30', 'Oro', 'Activo'),
('Energy Group', 'Energía', 'Paola Díaz', '555-9097', 'paola@energy.com', '4700 Calle', 'energy.png', 'www.energy.com', 'Energía sostenible.', '2027-11-05', 'Plata', 'Activo'),
('Travel World', 'Turismo', 'Ricardo Castillo', '555-3441', 'ricardo@travel.com', '4800 Av', 'travel.jpg', 'www.travel.com', 'Agencia de viajes mundial.', '2027-12-10', 'Bronce', 'Activo'),
('Design Studio', 'Diseño', 'Sofía Guerra', '555-7885', 'sofia@design.com', '4900 Calle', 'design.png', 'www.design.com', 'Estudio de diseño.', '2028-01-15', 'Platino', 'Activo'),
('Literature Co', 'Libros', 'Tomás Flores', '555-2330', 'tomas@literature.com', '5000 Av', 'literature.png', 'www.literature.com', 'Editorial de libros.', '2028-02-20', 'Oro', 'Activo'),
('Tech Systems', 'Tecnología', 'Úrsula Ortega', '555-6774', 'ursula@tech.com', '5100 Calle', 'tech.png', 'www.tech.com', 'Sistemas tecnológicos.', '2028-03-25', 'Plata', 'Activo'),
('Cuisine Delights', 'Alimentos', 'Víctor Herrera', '555-1220', 'victor@cuisine.com', '5200 Av', 'cuisine.jpg', 'www.cuisine.com', 'Delicias culinarias.', '2028-04-30', 'Bronce', 'Activo'),
('Fitness Center', 'Deportes', 'Wendy Ruiz', '555-5664', 'wendy@fitness.com', '5300 Calle', 'fitness.png', 'www.fitness.com', 'Centro de fitness.', '2028-05-05', 'Platino', 'Activo'),
('Financial Group', 'Finanzas', 'Xavier Salas', '555-9098', 'xavier@financial.com', '5400 Av', 'financial.png', 'www.financial.com', 'Grupo financiero.', '2028-06-10', 'Oro', 'Activo'),
('Language Academy', 'Educación', 'Yolanda Díaz', '555-3442', 'yolanda@language.com', '5500 Calle', 'language.png', 'www.language.com', 'Academia de idiomas.', '2028-07-15', 'Plata', 'Activo'),
('Fashion Trends', 'Moda', 'Zacarías Castillo', '555-7886', 'zacarias@fashion.com', '5600 Av', 'fashion.jpg', 'www.fashion.com', 'Tendencias de moda.', '2028-08-20', 'Bronce', 'Activo'),
('Music Experts', 'Música', 'Abril Guerra', '555-2331', 'abril@music.com', '5700 Calle', 'music.png', 'www.music.com', 'Expertos en música.', '2028-09-25', 'Platino', 'Activo'),
('Wellness Clinic', 'Salud', 'Benito Flores', '555-6775', 'benito@wellness.com', '5800 Av', 'wellness.png', 'www.wellness.com', 'Clínica de bienestar.', '2028-10-30', 'Oro', 'Activo'),
('Energy Solutions', 'Energía', 'Camila Ortega', '555-1221', 'camila@energy.com', '5900 Calle', 'energy.png', 'www.energy.com', 'Soluciones de energía.', '2028-11-05', 'Plata', 'Activo'),
('Global Travel', 'Turismo', 'Daniel Herrera', '555-5665', 'daniel@global.com', '6000 Av', 'global.jpg', 'www.global.com', 'Viajes globales.', '2028-12-10', 'Bronce', 'Activo'),
('Design Ideas', 'Diseño', 'Elena Ruiz', '555-9099', 'elena@design.com', '6100 Calle', 'design.png', 'www.designideas.com', 'Ideas de diseño.', '2029-01-15', 'Platino', 'Activo'),
('Literature House', 'Libros', 'Fabián Salas', '555-3443', 'fabian@literature.com', '6200 Av', 'literature.png', 'www.literaturehouse.com', 'Casa de literatura.', '2029-02-20', 'Oro', 'Activo'),
('Tech Innovations', 'Tecnología', 'Gabriela Díaz', '555-7887', 'gabriela@tech.com', '6300 Calle', 'tech.png', 'www.techinnovations.com', 'Innovaciones tecnológicas.', '2029-03-25', 'Plata', 'Activo'),
('Cuisine Masters', 'Alimentos', 'Héctor Castillo', '555-2332', 'hector@cuisine.com', '6400 Av', 'cuisine.jpg', 'www.cuisine.com', 'Maestros de la cocina.', '2029-04-30', 'Bronce', 'Activo'),
('Fitness Academy', 'Deportes', 'Irene Guerra', '555-6776', 'irene@fitness.com', '6500 Calle', 'fitness.png', 'www.fitnessacademy.com', 'Academia de fitness.', '2029-05-05', 'Platino', 'Activo'),
('Financial Advisors', 'Finanzas', 'Jorge Flores', '555-1222', 'jorge@financial.com', '6600 Av', 'financial.png', 'www.financialadvisors.com', 'Asesores financieros.', '2029-06-10', 'Oro', 'Activo'),
('Language Institute', 'Educación', 'Karen Ortega', '555-5666', 'karen@language.com', '6700 Calle', 'language.png', 'www.languageinstitute.com', 'Instituto de idiomas.', '2029-07-15', 'Plata', 'Activo'),
('Fashion Designers', 'Moda', 'Luis Herrera', '555-9100', 'luis@fashion.com', '6800 Av', 'fashion.jpg', 'www.fashiondesigners.com', 'Diseñadores de moda.', '2029-08-20', 'Bronce', 'Activo'),
('Music Artists', 'Música', 'Mónica Ruiz', '555-3444', 'monica@music.com', '6900 Calle', 'music.png', 'www.musicartists.com', 'Artistas musicales.', '2029-09-25', 'Platino', 'Activo'),
('Wellness Center', 'Salud', 'Nelson Salas', '555-7888', 'nelson@wellness.com', '7000 Av', 'wellness.png', 'www.wellnesscenter.com', 'Centro de bienestar.', '2029-10-30', 'Oro', 'Activo'),
('Energy Company', 'Energía', 'Olivia Díaz', '555-2333', 'olivia@energy.com', '7100 Calle', 'energy.png', 'www.energycompany.com', 'Compañía de energía.', '2029-11-05', 'Plata', 'Activo'),
('Travel Agency', 'Turismo', 'Pablo Castillo', '555-6777', 'pablo@travel.com', '7200 Av', 'travel.jpg', 'www.travelagency.com', 'Agencia de viajes.', '2029-12-10', 'Bronce', 'Activo'),
('Designing Studio', 'Diseño', 'Quetzal Guerra', '555-1223', 'quetzal@designstudio.com', '7300 Calle', 'designstudio.png', 'www.designstudio.com', 'Estudio de diseño.', '2030-01-15', 'Platino', 'Activo'),
('Publishing House', 'Libros', 'Raquel Flores', '555-5667', 'raquel@publishinghouse.com', '7400 Av', 'publishinghouse.png', 'www.publishinghouse.com', 'Casa editorial.', '2030-02-20', 'Oro', 'Activo'),
('Tech Group', 'Tecnología', 'Sergio Ortega', '555-9101', 'sergio@techgroup.com', '7500 Calle', 'techgroup.png', 'www.techgroup.com', 'Grupo tecnológico.', '2030-03-25', 'Plata', 'Activo'),
('Cuisine Restaurant', 'Alimentos', 'Tania Herrera', '555-3445', 'tania@cuisinerestaurant.com', '7600 Av', 'cuisinerestaurant.jpg', 'www.cuisinerestaurant.com', 'Restaurante de cocina.', '2030-04-30', 'Bronce', 'Activo'),
('Fitness Club', 'Deportes', 'Ulises Ruiz', '555-7889', 'ulises@fitnessclub.com', '7700 Calle', 'fitnessclub.png', 'www.fitnessclub.com', 'Club de fitness.', '2030-05-05', 'Platino', 'Activo'),
('Financial Center', 'Finanzas', 'Violeta Salas', '555-2334', 'violeta@financialcenter.com', '7800 Av', 'financialcenter.png', 'www.financialcenter.com', 'Centro financiero.', '2030-06-10', 'Oro', 'Activo'),
('Language School', 'Educación', 'Walter Díaz', '555-6778', 'walter@languageschool.com', '7900 Calle', 'languageschool.png', 'www.languageschool.com', 'Escuela de idiomas.', '2030-07-15', 'Plata', 'Activo'),
('Fashion Store', 'Moda', 'Xenia Castillo', '555-1224', 'xenia@fashionstore.com', '8000 Av', 'fashionstore.jpg', 'www.fashionstore.com', 'Tienda de moda.', '2030-08-20', 'Bronce', 'Activo'), 
('Music Academy', 'Música', 'Yolanda Ortiz', '555-1225', 'yolanda@musicacademy.com', '8100 Av', 'musicacademy.jpg', 'www.musicacademy.com', 'Academia de música.', '2030-09-25', 'Platino', 'Activo'),
('Wellness Retreat', 'Salud', 'Zacarías Herrera', '555-5668', 'zacarias@wellnessretreat.com', '8200 Calle', 'wellnessretreat.png', 'www.wellnessretreat.com', 'Retiro de bienestar.', '2030-10-30', 'Oro', 'Activo'),
('Energy Corporation', 'Energía', 'Abril Ruiz', '555-9102', 'abril@energycorporation.com', '8300 Av', 'energycorporation.png', 'www.energycorporation.com', 'Corporación de energía.', '2030-11-05', 'Plata', 'Activo'),
('Travel Adventures', 'Turismo', 'Benito Salas', '555-3446', 'benito@traveladventures.com', '8400 Calle', 'traveladventures.jpg', 'www.traveladventures.com', 'Aventuras de viaje.', '2030-12-10', 'Bronce', 'Activo'),
('Design Collective', 'Diseño', 'Camila Díaz', '555-7890', 'camila@designcollective.com', '8500 Av', 'designcollective.png', 'www.designcollective.com', 'Colectivo de diseño.', '2031-01-15', 'Platino', 'Activo'),
('Literature Society', 'Libros', 'Daniel Castillo', '555-2335', 'daniel@literaturesociety.com', '8600 Calle', 'literaturesociety.png', 'www.literaturesociety.com', 'Sociedad literaria.', '2031-02-20', 'Oro', 'Activo'),
('Tech Pioneers', 'Tecnología', 'Ernesto Fernández', '555-9103', 'ernesto@techpioneers.com', '8700 Calle', 'techpioneers.png', 'www.techpioneers.com', 'Pioneros en tecnología.', '2031-03-25', 'Platino', 'Activo'),
('Digital Marketing Pros', 'Marketing', 'Fátima Guzmán', '555-9104', 'fatima@digitalmarketingpros.com', '8800 Avenida', 'digitalmarketingpros.jpg', 'www.digitalmarketingpros.com', 'Especialistas en marketing digital.', '2031-04-30', 'Oro', 'Activo');

INSERT INTO artistas (nombre, tipo_arte, biografia, pais_origen, email, telefono, sitio_web, redes_sociales, imagen, cache_estimado) VALUES
('Sofía Ríos', 'Música', 'Cantante pop.', 'México', 'sofia.rios@email.com', '555-1111', 'www.sofiar.com', '@sofiar', 'sofia.jpg', 1000.00),
('Carlos Méndez', 'Música', 'Guitarrista de rock.', 'Argentina', 'carlos.m@email.com', '555-2222', 'www.carlosm.com', '@carlosm', 'carlos.jpg', 1200.00),
('Elena Vargas', 'Danza', 'Bailarina contemporánea.', 'España', 'elena.v@email.com', '555-3333', 'www.elenav.com', '@elenav', 'elena.jpg', 900.00),
('Javier Pérez', 'Artes Visuales', 'Pintor abstracto.', 'Colombia', 'javier.p@email.com', '555-4444', 'www.javierp.com', '@javierp', 'javier.jpg', 1100.00),
('Lucía Torres', 'Teatro', 'Actriz de teatro clásico.', 'Chile', 'lucia.t@email.com', '555-5555', 'www.luciat.com', '@luciat', 'lucia.jpg', 800.00),
('Andrés Gómez', 'Artes Visuales', 'Escultor moderno.', 'Perú', 'andres.g@email.com', '555-6666', 'www.andresg.com', '@andresg', 'andres.jpg', 1300.00),
('Mariana Castro', 'Música', 'Violinista clásica.', 'Venezuela', 'mariana.c@email.com', '555-7777', 'www.marianac.com', '@marianac', 'mariana.jpg', 1050.00),
('Diego Fernández', 'Magia', 'Ilusionista.', 'Ecuador', 'diego.f@email.com', '555-8888', 'www.diegof.com', '@diegof', 'diego.jpg', 950.00),
('Valentina Ortiz', 'Literatura', 'Poeta contemporánea.', 'Uruguay', 'valentina.o@email.com', '555-9999', 'www.valentinao.com', '@valentinao', 'valentina.jpg', 750.00),
('Sebastián Jiménez', 'Comedia', 'Comediante stand-up.', 'Bolivia', 'sebastian.j@email.com', '555-1212', 'www.sebastianj.com', '@sebastianj', 'sebastian.jpg', 850.00),
('Isabela Núñez', 'Música', 'Cantante de jazz.', 'Cuba', 'isabela.n@email.com', '555-1313', 'www.isabelan.com', '@isabelan', 'isabela.jpg', 1150.00),
('Ricardo Morales', 'Música', 'Saxofonista de blues.', 'Puerto Rico', 'ricardo.m@email.com', '555-1414', 'www.ricardom.com', '@ricardom', 'ricardo.jpg', 1000.00),
('Camila Herrera', 'Danza', 'Bailarina de flamenco.', 'España', 'camila.h@email.com', '555-1515', 'www.camilah.com', '@camilah', 'camila.jpg', 900.00),
('Emilio Silva', 'Fotografía', 'Fotógrafo de moda.', 'México', 'emilio.s@email.com', '555-1616', 'www.emilios.com', '@emilios', 'emilio.jpg', 1250.00),
('Ximena Ruiz', 'Cine', 'Directora de cine indie.', 'Argentina', 'ximena.r@email.com', '555-1717', 'www.ximenar.com', '@ximenar', 'ximena.jpg', 1350.00),
('Felipe Álvarez', 'Diseño', 'Diseñador gráfico.', 'Colombia', 'felipe.a@email.com', '555-1818', 'www.felipea.com', '@felipea', 'felipe.jpg', 800.00),
('Regina Sánchez', 'Música', 'Chelista de orquesta.', 'Chile', 'regina.s@email.com', '555-1919', 'www.reginas.com', '@reginas', 'regina.jpg', 1100.00),
('Nicolás Romero', 'Magia', 'Mago de cerca.', 'Perú', 'nicolas.r@email.com', '555-2020', 'www.nicolasr.com', '@nicolasr', 'nicolas.jpg', 700.00),
('Abril Flores', 'Literatura', 'Escritora de novelas.', 'Venezuela', 'abril.f@email.com', '555-2121', 'www.abrilf.com', '@abrilf', 'abril.jpg', 950.00),
('Oscar Medina', 'Comedia', 'Monologuista.', 'Ecuador', 'oscar.m@email.com', '555-2222', 'www.oscarm.com', '@oscarm', 'oscar.jpg', 800.00),
('Daniela Gutiérrez', 'Música', 'Cantante de ópera.', 'Uruguay', 'daniela.g@email.com', '555-2323', 'www.danielag.com', '@danielag', 'daniela.jpg', 1200.00),
('Martín Díaz', 'Música', 'Pianista de concierto.', 'Bolivia', 'martin.d@email.com', '555-2424', 'www.martind.com', '@martind', 'martin.jpg', 1100.00),
('Fernanda Navarro', 'Danza', 'Bailarina de ballet.', 'Cuba', 'fernanda.n@email.com', '555-2525', 'www.fernandan.com', '@fernandan', 'fernanda.jpg', 1000.00),
('Guillermo Castillo', 'Artes Visuales', 'Caricaturista.', 'Puerto Rico', 'guillermo.c@email.com', '555-2626', 'www.guillermoc.com', '@guillermoc', 'guillermo.jpg', 750.00),
('Patricia Aguilar', 'Cine', 'Guionista.', 'España', 'patricia.a@email.com', '555-2727', 'www.patriciaa.com', '@patriciaa', 'patricia.jpg', 900.00),
('Héctor León', 'Diseño', 'Animador digital.', 'México', 'hector.l@email.com', '555-2828', 'www.hectorl.com', '@hectorl', 'hector.jpg', 1050.00),
('Yolanda Ferrer', 'Música', 'Arpista clásica.', 'Argentina', 'yolanda.f@email.com', '555-2929', 'www.yolandaf.com', '@yolandaf', 'yolanda.jpg', 850.00),
('Raúl Muñoz', 'Magia', 'Ventrílocuo.', 'Colombia', 'raul.m@email.com', '555-3030', 'www.raulm.com', '@raulm', 'raul.jpg', 700.00),
('Olivia Serrano', 'Literatura', 'Autora de cuentos.', 'Chile', 'olivia.s@email.com', '555-3131', 'www.olivias.com', '@olivias', 'olivia.jpg', 800.00),
('Samuel Vargas', 'Comedia', 'Imitador.', 'Perú', 'samuel.v@email.com', '555-3232', 'www.samuelv.com', '@samuelv', 'samuel.jpg', 900.00),
('Irene Benítez', 'Música', 'Cantante de rock.', 'Venezuela', 'irene.b@email.com', '555-3333', 'www.ireneb.com', '@ireneb', 'irene.jpg', 1150.00),
('Esteban Herrera', 'Música', 'Bajista de jazz.', 'Ecuador', 'esteban.h@email.com', '555-3434', 'www.estebanh.com', '@estebanh', 'esteban.jpg', 1000.00),
('Carolina Contreras', 'Danza', 'Bailarina de salsa.', 'Uruguay', 'carolina.c@email.com', '555-3535', 'www.carolinac.com', '@carolinac', 'carolina.jpg', 950.00),
('Arturo Jiménez', 'Artes Visuales', 'Dibujante.', 'Bolivia', 'arturo.j@email.com', '555-3636', 'www.arturoj.com', '@arturoj', 'arturo.jpg', 750.00),
('Lorena Ortega', 'Teatro', 'Productora de teatro.', 'Cuba', 'lorena.o@email.com', '555-3737', 'www.lorenao.com', '@lorenao', 'lorena.jpg', 850.00),
('Federico Ramírez', 'Diseño', 'Diseñador de modas.', 'Puerto Rico', 'federico.r@email.com', '555-3838', 'www.federicor.com', '@federicor', 'federico.jpg', 1200.00),
('Claudia Mendoza', 'Música', 'Flautista.', 'España', 'claudia.m@email.com', '555-3939', 'www.claudiam.com', '@claudiam', 'claudia.jpg', 1050.00),
('Alberto Silva', 'Circo', 'Malabarista.', 'México', 'alberto.s@email.com', '555-4040', 'www.albertos.com', '@albertos', 'alberto.jpg', 800.00),
('Sara Ruiz', 'Literatura', 'Novelista.', 'Argentina', 'sara.r@email.com', '555-4141', 'www.sarar.com', '@sarar', 'sara.jpg', 900.00),
('Víctor Flores', 'Música', 'Músico callejero.', 'Colombia', 'victor.f@email.com', '555-4242', 'www.victorf.com', '@victorf', 'victor.jpg', 700.00),
('Andrea Castro', 'Música', 'Cantante de blues.', 'Chile', 'andrea.c@email.com', '555-4343', 'www.andreac.com', '@andreac', 'andrea.jpg', 1100.00),
('Ignacio Núñez', 'Música', 'Trompetista.', 'Perú', 'ignacio.n@email.com', '555-4444', 'www.ignacion.com', '@ignacion', 'ignacio.jpg', 950.00),
('Paula Morales', 'Danza', 'Bailarina de tango.', 'Venezuela', 'paula.m@email.com', '555-4545', 'www.paulam.com', '@paulam', 'paula.jpg', 850.00),
('Ernesto Pérez', 'Literatura', 'Escritor de ciencia ficción.', 'Ecuador', 'ernesto.p@email.com', '555-4646', 'www.ernestop.com', '@ernestop', 'ernesto.jpg', 800.00),
('Gabriela Torres', 'Diseño', 'Diseñadora de interiores.', 'Uruguay', 'gabriela.t@email.com', '555-4747', 'www.gabrielat.com', '@gabrielat', 'gabriela.jpg', 1000.00),
('Jaime Gómez', 'Música', 'Percusionista.', 'Bolivia', 'jaime.g@email.com', '555-4848', 'www.jaimeg.com', '@jaimeg', 'jaime.jpg', 900.00),
('Raquel Vargas', 'Música', 'Compositora.', 'Cuba', 'raquel.v@email.com', '555-4949', 'www.raquelv.com', '@raquelv', 'raquel.jpg', 1150.00),
('César Ortiz', 'Música', 'Director de orquesta.', 'Puerto Rico', 'cesar.o@email.com', '555-5050', 'www.cesaro.com', '@cesaro', 'cesar.jpg', 1250.00),
('Beatriz Jiménez', 'Literatura', 'Escritora de poesía.', 'España', 'beatriz.j@email.com', '555-5151', 'www.beatrizj.com', '@beatrizj', 'beatriz.jpg', 850.00),
('Manuel Méndez', 'Música', 'Arreglista musical.', 'México', 'manuel.m@email.com', '555-5252', 'www.manuelm.com', '@manuelm', 'manuel.jpg', 950.00),
('Alicia Díaz', 'Música', 'Cantante de rancheras.', 'Argentina', 'alicia.d@email.com', '555-5353', 'www.aliciad.com', '@aliciad', 'alicia.jpg', 800.00),
('Roberto Navarro', 'Música', 'Acordeonista.', 'Colombia', 'roberto.n@email.com', '555-5454', 'www.roberton.com', '@roberton', 'roberto.jpg', 700.00),
('Silvia Castillo', 'Danza', 'Bailarina de hip hop.', 'Chile', 'silvia.c@email.com', '555-5555', 'www.silviac.com', '@silviac', 'silvia.jpg', 900.00),
('Fernando Aguilar', 'Artes Visuales', 'Grafitero.', 'Perú', 'fernando.a@email.com', '555-5656', 'www.fernandoa.com', '@fernandoa', 'fernando.jpg', 750.00),
('Clara León', 'Teatro', 'Dramaturga.', 'Venezuela', 'clara.l@email.com', '555-5757', 'www.claral.com', '@claral', 'clara.jpg', 800.00),
('Sergio Ferrer', 'Diseño', 'Diseñador de vestuario.', 'Ecuador', 'sergio.f@email.com', '555-5858', 'www.sergiof.com', '@sergiof', 'sergio.jpg', 1000.00),
('Nora Muñoz', 'Música', 'Oboísta.', 'Uruguay', 'nora.m@email.com', '555-5959', 'www.noram.com', '@noram', 'nora.jpg', 900.00),
('Ramón Serrano', 'Teatro', 'Titiritero.', 'Bolivia', 'ramon.s@email.com', '555-6060', 'www.ramons.com', '@ramons', 'ramon.jpg', 700.00),
('Tatiana Ruiz', 'Literatura', 'Escritora de terror.', 'Cuba', 'tatiana.r@email.com', '555-6161', 'www.tatianar.com', '@tatianar', 'tatiana.jpg', 850.00),
('Sofía Ríos', 'Música', 'Cantante pop.', 'México', 'sofia.r@mail.com', '555-1111', 'www.sofiar.com', '@sofiar', 'sofia.jpg', 1000.00),
('Carlos Méndez', 'Música', 'Guitarrista rock.', 'Argentina', 'carlos.m@mail.com', '555-2222', 'www.carlosm.com', '@carlosm', 'carlos.jpg', 1200.00),
('Elena Vargas', 'Danza', 'Bailarina contemp.', 'España', 'elena.v@mail.com', '555-3333', 'www.elenav.com', '@elenav', 'elena.jpg', 900.00),
('Javier Pérez', 'Visual', 'Pintor abstracto.', 'Colombia', 'javier.p@mail.com', '555-4444', 'www.javierp.com', '@javierp', 'javier.jpg', 1100.00),
('Lucía Torres', 'Teatro', 'Actriz clásica.', 'Chile', 'lucia.t@mail.com', '555-5555', 'www.luciat.com', '@luciat', 'lucia.jpg', 800.00),
('Andrés Gómez', 'Visual', 'Escultor moderno.', 'Perú', 'andres.g@mail.com', '555-6666', 'www.andresg.com', '@andresg', 'andres.jpg', 1300.00),
('Mariana Castro', 'Música', 'Violinista clásica.', 'Venezuela', 'mariana.c@mail.com', '555-7777', 'www.marianac.com', '@marianac', 'mariana.jpg', 1050.00),
('Diego Fernández', 'Magia', 'Ilusionista.', 'Ecuador', 'diego.f@mail.com', '555-8888', 'www.diegof.com', '@diegof', 'diego.jpg', 950.00),
('Valentina Ortiz', 'Letras', 'Poeta contemp.', 'Uruguay', 'valentina.o@mail.com', '555-9999', 'www.valentinao.com', '@valentinao', 'valentina.jpg', 750.00),
('Sebastián Jiménez', 'Comedia', 'Stand-up.', 'Bolivia', 'sebastian.j@mail.com', '555-1212', 'www.sebastianj.com', '@sebastianj', 'sebastian.jpg', 850.00),
('Isabela Núñez', 'Música', 'Cantante jazz.', 'Cuba', 'isabela.n@mail.com', '555-1313', 'www.isabelan.com', '@isabelan', 'isabela.jpg', 1150.00),
('Ricardo Morales', 'Música', 'Saxofonista blues.', 'Puerto Rico', 'ricardo.m@mail.com', '555-1414', 'www.ricardom.com', '@ricardom', 'ricardo.jpg', 1000.00),
('Camila Herrera', 'Danza', 'Bailarina flamenco.', 'España', 'camila.h@mail.com', '555-1515', 'www.camilah.com', '@camilah', 'camila.jpg', 900.00),
('Emilio Silva', 'Foto', 'Fotógrafo moda.', 'México', 'emilio.s@mail.com', '555-1616', 'www.emilios.com', '@emilios', 'emilio.jpg', 1250.00),
('Ximena Ruiz', 'Cine', 'Directora indie.', 'Argentina', 'ximena.r@mail.com', '555-1717', 'www.ximenar.com', '@ximenar', 'ximena.jpg', 1350.00),
('Felipe Álvarez', 'Diseño', 'Diseñador gráfico.', 'Colombia', 'felipe.a@mail.com', '555-1818', 'www.felipea.com', '@felipea', 'felipe.jpg', 800.00),
('Regina Sánchez', 'Música', 'Chelista orquesta.', 'Chile', 'regina.s@mail.com', '555-1919', 'www.reginas.com', '@reginas', 'regina.jpg', 1100.00),
('Nicolás Romero', 'Magia', 'Mago cerca.', 'Perú', 'nicolas.r@mail.com', '555-2020', 'www.nicolasr.com', '@nicolasr', 'nicolas.jpg', 700.00),
('Abril Flores', 'Letras', 'Escritora novelas.', 'Venezuela', 'abril.f@mail.com', '555-2121', 'www.abrilf.com', '@abrilf', 'abril.jpg', 950.00),
('Oscar Medina', 'Comedia', 'Monologuista.', 'Ecuador', 'oscar.m@mail.com', '555-2222', 'www.oscarm.com', '@oscarm', 'oscar.jpg', 800.00),
('Daniela Gutiérrez', 'Música', 'Cantante ópera.', 'Uruguay', 'daniela.g@mail.com', '555-2323', 'www.danielag.com', '@danielag', 'daniela.jpg', 1200.00),
('Martín Díaz', 'Música', 'Pianista concierto.', 'Bolivia', 'martin.d@mail.com', '555-2424', 'www.martind.com', '@martind', 'martin.jpg', 1100.00),
('Fernanda Navarro', 'Danza', 'Bailarina ballet.', 'Cuba', 'fernanda.n@mail.com', '555-2525', 'www.fernandan.com', '@fernandan', 'fernanda.jpg', 1000.00),
('Guillermo Castillo', 'Visual', 'Caricaturista.', 'Puerto Rico', 'guillermo.c@mail.com', '555-2626', 'www.guillermoc.com', '@guillermoc', 'guillermo.jpg', 750.00),
('Patricia Aguilar', 'Cine', 'Guionista.', 'España', 'patricia.a@mail.com', '555-2727', 'www.patriciaa.com', '@patriciaa', 'patricia.jpg', 900.00),
('Héctor León', 'Diseño', 'Animador digital.', 'México', 'hector.l@mail.com', '555-2828', 'www.hectorl.com', '@hectorl', 'hector.jpg', 1050.00),
('Yolanda Ferrer', 'Música', 'Arpista clásica.', 'Argentina', 'yolanda.f@mail.com', '555-2929', 'www.yolandaf.com', '@yolandaf', 'yolanda.jpg', 850.00),
('Raúl Muñoz', 'Magia', 'Ventrílocuo.', 'Colombia', 'raul.m@mail.com', '555-3030', 'www.raulm.com', '@raulm', 'raul.jpg', 700.00),
('Olivia Serrano', 'Letras', 'Autora cuentos.', 'Chile', 'olivia.s@mail.com', '555-3131', 'www.olivias.com', '@olivias', 'olivia.jpg', 800.00),
('Samuel Vargas', 'Comedia', 'Imitador.', 'Perú', 'samuel.v@mail.com', '555-3232', 'www.samuelv.com', '@samuelv', 'samuel.jpg', 900.00),
('Irene Benítez', 'Música', 'Cantante rock.', 'Venezuela', 'irene.b@mail.com', '555-3333', 'www.ireneb.com', '@ireneb', 'irene.jpg', 1150.00),
('Esteban Herrera', 'Música', 'Bajista jazz.', 'Ecuador', 'esteban.h@mail.com', '555-3434', 'www.estebanh.com', '@estebanh', 'esteban.jpg', 1000.00),
('Carolina Contreras', 'Danza', 'Bailarina salsa.', 'Uruguay', 'carolina.c@mail.com', '555-3535', 'www.carolinac.com', '@carolinac', 'carolina.jpg', 950.00),
('Arturo Jiménez', 'Visual', 'Dibujante.', 'Bolivia', 'arturo.j@mail.com', '555-3636', 'www.arturoj.com', '@arturoj', 'arturo.jpg', 750.00),
('Lorena Ortega', 'Teatro', 'Productora teatro.', 'Cuba', 'lorena.o@mail.com', '555-3737', 'www.lorenao.com', '@lorenao', 'lorena.jpg', 850.00),
('Federico Ramírez', 'Diseño', 'Diseñador modas.', 'Puerto Rico', 'federico.r@mail.com', '555-3838', 'www.federicor.com', '@federicor', 'federico.jpg', 1200.00),
('Claudia Mendoza', 'Música', 'Flautista.', 'España', 'claudia.m@mail.com', '555-3939', 'www.claudiam.com', '@claudiam', 'claudia.jpg', 1050.00),
('Alberto Silva', 'Circo', 'Malabarista.', 'México', 'alberto.s@mail.com', '555-4040', 'www.albertos.com', '@albertos', 'alberto.jpg', 800.00),
('Sara Ruiz', 'Letras', 'Novelista.', 'Argentina', 'sara.r@mail.com', '555-4141', 'www.sarar.com', '@sarar', 'sara.jpg', 900.00),
('Víctor Flores', 'Música', 'Músico callejero.', 'Colombia', 'victor.f@mail.com', '555-4242', 'www.victorf.com', '@victorf', 'victor.jpg', 700.00),
('Andrea Castro', 'Música', 'Cantante blues.', 'Chile', 'andrea.c@mail.com', '555-4343', 'www.andreac.com', '@andreac', 'andrea.jpg', 1100.00);

INSERT INTO actividades (id_evento, nombre, descripcion, hora_inicio, hora_fin, ubicacion_especifica, responsable, cupo_limite, tipo_actividad, es_destacada) VALUES
(44, 'Apertura', 'Bienvenida evento.', '2024-03-10 10:00:00', '2024-03-10 11:00:00', 'Salón Principal', 'Organizador', 100, 'Conferencia', TRUE),
(45, 'Charla IA', 'Inteligencia Artificial.', '2024-03-10 11:30:00', '2024-03-10 13:00:00', 'Salón A', 'Experto IA', 50, 'Conferencia', TRUE),
(46, 'Taller Python', 'Taller programación Python.', '2024-03-10 14:00:00', '2024-03-10 16:00:00', 'Sala 2', 'Profesor Python', 30, 'Taller', FALSE),
(47, 'Expo Arte', 'Exposición arte moderno.', '2024-03-11 10:00:00', '2024-03-11 18:00:00', 'Galería', 'Curador', 200, 'Exposición', TRUE),
(48, 'Concierto Rock', 'Concierto música rock.', '2024-03-11 20:00:00', '2024-03-11 22:00:00', 'Escenario', 'Banda', 150, 'Concierto', TRUE),
(49, 'Mesa Redonda', 'Debate cambio clima.', '2024-03-12 10:00:00', '2024-03-12 12:00:00', 'Auditorio', 'Panelistas', 80, 'Otro', TRUE),
(50, 'Cierre', 'Clausura evento.', '2024-03-12 16:00:00', '2024-03-12 17:00:00', 'Salón Principal', 'Organizador', 100, 'Otro', TRUE),
(51, 'Charla Big Data', 'Introducción Big Data.', '2024-04-05 10:00:00', '2024-04-05 11:30:00', 'Salón Principal', 'Experto Big Data', 60, 'Conferencia', TRUE),
(52, 'Taller R', 'Análisis datos con R.', '2024-04-05 12:00:00', '2024-04-05 14:00:00', 'Sala 3', 'Profesor R', 30, 'Taller', FALSE),
(53, 'Expo Foto', 'Exposición fotografía.', '2024-04-06 10:00:00', '2024-04-06 18:00:00', 'Galería', 'Fotógrafos', 150, 'Exposición', TRUE),
(54, 'Concierto Jazz', 'Música jazz en vivo.', '2024-04-06 20:00:00', '2024-04-06 22:00:00', 'Escenario', 'Músicos Jazz', 120, 'Concierto', TRUE),
(55, 'Panel Innovación', 'Tendencias innovación.', '2024-04-07 11:00:00', '2024-04-07 13:00:00', 'Auditorio', 'Innovadores', 70, 'Otro', TRUE),
(56, 'Premiación', 'Entrega de premios.', '2024-04-07 15:00:00', '2024-04-07 16:00:00', 'Salón Principal', 'Organizador', 100, 'Otro', TRUE),
(57, 'Apertura', 'Inicio Congreso.', '2024-05-12 09:00:00', '2024-05-12 10:00:00', 'Gran Salón', 'Comité', 200, 'Conferencia', TRUE),
(58, 'Keynote', 'Discurso Principal.', '2024-05-12 10:30:00', '2024-05-12 12:00:00', 'Gran Salón', 'Conferencista', 200, 'Conferencia', TRUE),
(59, 'Taller Diseño', 'Diseño UX/UI.', '2024-05-12 14:00:00', '2024-05-12 16:00:00', 'Sala Diseño', 'Diseñador', 40, 'Taller', FALSE),
(60, 'Expo Libros', 'Feria del Libro.', '2024-05-13 10:00:00', '2024-05-13 18:00:00', 'Patio Central', 'Editoriales', 300, 'Exposición', TRUE),
(61, 'Concierto Clásico', 'Música Clásica.', '2024-05-13 20:00:00', '2024-05-13 22:00:00', 'Teatro', 'Orquesta', 180, 'Concierto', TRUE),
(62, 'Debate Ética', 'Ética en la IA.', '2024-05-14 11:00:00', '2024-05-14 13:00:00', 'Salón Debate', 'Especialistas', 90, 'Otro', TRUE),
(63, 'Clausura', 'Cierre Congreso.', '2024-05-14 16:00:00', '2024-05-14 17:00:00', 'Gran Salón', 'Comité', 200, 'Otro', TRUE),
(64, 'Charla Marketing', 'Marketing Digital.', '2024-06-20 10:00:00', '2024-06-20 11:30:00', 'Salón Principal', 'Experto Marketing', 70, 'Conferencia', TRUE),
(65, 'Taller SEO', 'Optimización SEO.', '2024-06-20 12:00:00', '2024-06-20 14:00:00', 'Sala 4', 'Especialista SEO', 30, 'Taller', FALSE),
(66, 'Expo Diseño', 'Diseño Industrial.', '2024-06-21 10:00:00', '2024-06-21 18:00:00', 'Galería Diseño', 'Diseñadores', 200, 'Exposición', TRUE),
(67, 'Concierto Pop', 'Música Pop.', '2024-06-21 20:00:00', '2024-06-21 22:00:00', 'Escenario Principal', 'Cantante Pop', 150, 'Concierto', TRUE),
(68, 'Foro Empleo', 'Futuro del Empleo.', '2024-06-22 11:00:00', '2024-06-22 13:00:00', 'Auditorio Principal', 'Expertos Laborales', 80, 'Otro', TRUE),
(69, 'Networking', 'Sesión Networking.', '2024-06-22 15:00:00', '2024-06-22 16:00:00', 'Salón Principal', 'Organizadores', 100, 'Otro', TRUE),
(70, 'Bienvenida', 'Inicio Festival.', '2024-07-15 10:00:00', '2024-07-15 11:00:00', 'Plaza Central', 'Organizadores', 300, 'Otro', TRUE),
(71, 'Taller Pintura', 'Pintura al Óleo.', '2024-07-15 12:00:00', '2024-07-15 14:00:00', 'Taller Arte', 'Artista', 25, 'Taller', FALSE),
(72, 'Conferencia Arte', 'Historia del Arte.', '2024-07-16 11:00:00', '2024-07-16 13:00:00', 'Salón Conferencias', 'Historiador Arte', 80, 'Conferencia', TRUE),
(73, 'Expo Escultura', 'Esculturas Modernas.', '2024-07-16 10:00:00', '2024-07-16 18:00:00', 'Galería Esculturas', 'Escultores', 150, 'Exposición', TRUE),
(74, 'Concierto Folclore', 'Música Folclórica.', '2024-07-17 20:00:00', '2024-07-17 22:00:00', 'Escenario Principal', 'Grupo Folclórico', 200, 'Concierto', TRUE),
(75, 'Cierre Festival', 'Fin Festival.', '2024-07-18 16:00:00', '2024-07-18 17:00:00', 'Plaza Central', 'Organizadores', 300, 'Otro', TRUE),
(76, 'Apertura', 'Inicio Semana.', '2024-08-01 09:00:00', '2024-08-01 10:00:00', 'Auditorio', 'Decano', 150, 'Otro', TRUE),
(77, 'Charla Física', 'Física Cuántica.', '2024-08-01 11:00:00', '2024-08-01 12:30:00', 'Salón 1', 'Físico', 60, 'Conferencia', TRUE),
(78, 'Taller Química', 'Química Orgánica.', '2024-08-01 14:00:00', '2024-08-01 16:00:00', 'Laboratorio', 'Químico', 30, 'Taller', FALSE),
(79, 'Expo Ciencia', 'Proyectos Científicos.', '2024-08-02 10:00:00', '2024-08-02 18:00:00', 'Patio Ciencia', 'Estudiantes', 250, 'Exposición', TRUE),
(80, 'Conferencia Bio', 'Biotecnología.', '2024-08-02 19:00:00', '2024-08-02 20:30:00', 'Salón Bio', 'Biólogo', 100, 'Conferencia', TRUE),
(81, 'Debate Genética', 'Ingeniería Genética.', '2024-08-03 11:00:00', '2024-08-03 13:00:00', 'Salón Debate', 'Genetistas', 70, 'Otro', TRUE),
(82, 'Clausura', 'Cierre Semana.', '2024-08-03 15:00:00', '2024-08-03 16:00:00', 'Auditorio', 'Decano', 150, 'Otro', TRUE),
(83, 'Taller Teatro', 'Actuación.', '2024-09-10 10:00:00', '2024-09-10 12:00:00', 'Sala Teatro', 'Actor', 25, 'Taller', FALSE),
(84, 'Charla Cine', 'Cine Independiente.', '2024-09-10 14:00:00', '2024-09-10 15:30:00', 'Salón Cine', 'Director', 70, 'Conferencia', TRUE),
(85, 'Expo Fotografía', 'Fotografía Artística.', '2024-09-11 10:00:00', '2024-09-11 18:00:00', 'Galería Foto', 'Fotógrafos', 120, 'Exposición', TRUE),
(86, 'Concierto Acústico', 'Música Acústica.', '2024-09-11 20:00:00', '2024-09-11 22:00:00', 'Escenario Acústico', 'Músicos', 100, 'Concierto', TRUE),
(87, 'Debate Literatura', 'Literatura Contemporánea.', '2024-09-12 11:00:00', '2024-09-12 13:00:00', 'Salón Letras', 'Escritores', 60, 'Otro', TRUE),
(88, 'Cierre Semana Arte', 'Fin Semana Arte.', '2024-09-13 15:00:00', '2024-09-13 16:00:00', 'Sala Teatro', 'Organizadores', 100, 'Otro', TRUE),
(89, 'Taller Danza', 'Danza Moderna.', '2024-10-05 10:00:00', '2024-10-05 12:00:00', 'Estudio Danza', 'Bailarín', 30, 'Taller', FALSE),
(90, 'Charla Música', 'Música Clásica.', '2024-10-05 14:00:00', '2024-10-05 15:30:00', 'Salón Música', 'Músico', 80, 'Conferencia', TRUE),
(91, 'Expo Instrumentos', 'Instrumentos Musicales.', '2024-10-06 10:00:00', '2024-10-06 18:00:00', 'Galería Música', 'Luthiers', 150, 'Exposición', TRUE),
(92, 'Concierto Sinfónico', 'Orquesta Sinfónica.', '2024-10-06 20:00:00', '2024-10-06 22:00:00', 'Sala Conciertos', 'Orquesta', 200, 'Concierto', TRUE),
(93, 'Debate Ópera', 'Historia de la Ópera.', '2024-10-07 11:00:00', '2024-10-07 13:00:00', 'Salón Ópera', 'Críticos', 60, 'Otro', TRUE),
(94, 'Cierre Semana Música', 'Fin Semana Música.', '2024-10-08 15:00:00', '2024-10-08 16:00:00', 'Sala Conciertos', 'Organizadores', 100, 'Otro', TRUE),
(95, 'Taller Escritura', 'Escritura Creativa.', '2024-11-12 10:00:00', '2024-11-12 12:00:00', 'Sala Escritura', 'Escritor', 25, 'Taller', FALSE),
(96, 'Charla Poesía', 'Poesía Moderna.', '2024-11-12 14:00:00', '2024-11-12 15:30:00', 'Salón Poesía', 'Poeta', 70, 'Conferencia', TRUE),
(97, 'Expo Libros Raros', 'Libros Antiguos.', '2024-11-13 10:00:00', '2024-11-13 18:00:00', 'Galería Libros', 'Libreros', 120, 'Exposición', TRUE),
(98, 'Lectura Poemas', 'Lectura de Poemas.', '2024-11-13 20:00:00', '2024-11-13 22:00:00', 'Sala Lectura', 'Poetas', 80, 'Otro', TRUE),
(99, 'Debate Novela', 'Novela Contemporánea.', '2024-11-14 11:00:00', '2024-11-14 13:00:00', 'Salón Novela', 'Escritores', 60, 'Otro', TRUE),
(10, 'Cierre Semana Letras', 'Fin Semana Letras.', '2024-11-15 15:00:00', '2024-11-15 16:00:00', 'Sala Escritura', 'Organizadores', 100, 'Otro', TRUE),
(1, 'Taller Cine', 'Guion Cine.', '2024-12-01 10:00:00', '2024-12-01 12:00:00', 'Sala Cine', 'Guionista', 30, 'Taller', FALSE),
(2, 'Charla Actuación', 'Actuación Teatro.', '2024-12-01 14:00:00', '2024-12-01 15:30:00', 'Salón Actuación', 'Actor', 70, 'Conferencia', TRUE),
(3, 'Expo Vestuario', 'Vestuario Teatro.', '2024-12-02 10:00:00', '2024-12-02 18:00:00', 'Galería Teatro', 'Diseñadores', 100, 'Exposición', TRUE),
(4, 'Obra Teatro', 'Obra de Teatro.', '2024-12-02 20:00:00', '2024-12-02 22:00:00', 'Teatro', 'Compañía', 150, 'Otro', TRUE),
(5, 'Debate Dirección', 'Dirección Cine.', '2024-12-03 11:00:00', '2024-12-03 13:00:00', 'Salón Cine', 'Directores', 60, 'Otro', TRUE),
(6, 'Cierre Semana Drama', 'Fin Semana Drama.', '2024-12-04 15:00:00', '2024-12-04 16:00:00', 'Sala Cine', 'Organizadores', 100, 'Otro', TRUE),
(7, 'Taller Diseño', 'Diseño Gráfico.', '2025-01-10 10:00:00', '2025-01-10 12:00:00', 'Sala Diseño', 'Diseñador', 25, 'Taller', FALSE),
(8, 'Charla Arte', 'Historia del Arte.', '2025-01-10 14:00:00', '2025-01-10 15:30:00', 'Salón Arte', 'Historiador', 70, 'Conferencia', TRUE),
(9, 'Expo Pintura', 'Pintura Contemporánea.', '2025-01-11 10:00:00', '2025-01-11 18:00:00', 'Galería Arte', 'Artistas', 120, 'Exposición', TRUE),
(10, 'Concierto Clásico', 'Música Clásica.', '2025-01-11 20:00:00', '2025-01-11 22:00:00', 'Sala Conciertos', 'Orquesta', 180, 'Concierto', TRUE),
(11, 'Debate Escultura', 'Escultura Moderna.', '2025-01-12 11:00:00', '2025-01-12 13:00:00', 'Salón Escultura', 'Escultores', 60, 'Otro', TRUE),
(12, 'Cierre Semana Arte', 'Fin Semana Arte.', '2025-01-13 15:00:00', '2025-01-13 16:00:00', 'Sala Diseño', 'Organizadores', 100, 'Otro', TRUE),
(13, 'Taller Música', 'Producción Musical.', '2025-02-01 10:00:00', '2025-02-01 12:00:00', 'Estudio Música', 'Productor', 30, 'Taller', FALSE),
(14, 'Charla Composición', 'Composición Musical.', '2025-02-01 14:00:00', '2025-02-01 15:30:00', 'Salón Composición', 'Compositor', 70, 'Conferencia', TRUE),
(15, 'Expo Instrumentos', 'Instrumentos Étnicos.', '2025-02-02 10:00:00', '2025-02-02 18:00:00', 'Galería Música', 'Músicos', 110, 'Exposición', TRUE),
(16, 'Concierto Jazz', 'Música Jazz.', '2025-02-02 20:00:00', '2025-02-02 22:00:00', 'Sala Conciertos', 'Banda Jazz', 150, 'Concierto', TRUE),
(17, 'Debate Música Pop', 'Música Pop.', '2025-02-03 11:00:00', '2025-02-03 13:00:00', 'Salón Música Pop', 'Críticos', 60, 'Otro', TRUE),
(18, 'Cierre Semana Música', 'Fin Semana Música.', '2025-02-04 15:00:00', '2025-02-04 16:00:00', 'Estudio Música', 'Organizadores', 100, 'Otro', TRUE),
(19, 'Taller Escritura', 'Guion Cine', '2025-03-15 10:00:00', '2025-03-15 12:00:00', 'Sala Escritura', 'Guionista', 25, 'Taller', FALSE),
(20, 'Charla Actuación', 'Actuación Teatro', '2025-03-15 14:00:00', '2025-03-15 15:30:00', 'Salón Actuación', 'Actor', 70, 'Conferencia', TRUE),
(21, 'Expo Vestuario', 'Vestuario Teatro', '2025-03-16 10:00:00', '2025-03-16 18:00:00', 'Galería Teatro', 'Diseñadores', 100, 'Exposición', TRUE),
(22, 'Obra Teatro', 'Obra de Teatro', '2025-03-16 20:00:00', '2025-03-16 22:00:00', 'Teatro', 'Compañía', 150, 'Otro', TRUE),
(23, 'Debate Dirección', 'Dirección Cine', '2025-03-17 11:00:00', '2025-03-17 13:00:00', 'Salón Cine', 'Directores', 60, 'Otro', TRUE),
(24, 'Cierre Semana Drama', 'Fin Semana Drama', '2025-03-18 15:00:00', '2025-03-18 16:00:00', 'Sala Cine', 'Organizadores', 100, 'Otro', TRUE),
(25, 'Taller Diseño', 'Diseño Gráfico', '2025-04-01 10:00:00', '2025-04-01 12:00:00', 'Sala Diseño', 'Diseñador', 25, 'Taller', FALSE),
(26, 'Charla Arte', 'Historia del Arte', '2025-04-01 14:00:00', '2025-04-01 15:30:00', 'Salón Arte', 'Historiador', 70, 'Conferencia', TRUE),
(27, 'Expo Pintura', 'Pintura Contemporánea', '2025-04-02 10:00:00', '2025-04-02 18:00:00', 'Galería Arte', 'Artistas', 120, 'Exposición', TRUE),
(28, 'Concierto Clásico', 'Música Clásica', '2025-04-02 20:00:00', '2025-04-02 22:00:00', 'Sala Conciertos', 'Orquesta', 180, 'Concierto', TRUE),
(29, 'Debate Escultura', 'Escultura Moderna', '2025-04-03 11:00:00', '2025-04-03 13:00:00', 'Salón Escultura', 'Escultores', 60, 'Otro', TRUE),
(30, 'Cierre Semana Arte', 'Fin Semana Arte', '2025-04-04 15:00:00', '2025-04-04 16:00:00', 'Sala Diseño', 'Organizadores', 100, 'Otro', TRUE),
(31, 'Taller Música', 'Producción Musical', '2025-05-10 10:00:00', '2025-05-10 12:00:00', 'Estudio Música', 'Productor', 30, 'Taller', FALSE),
(32, 'Charla Composición', 'Composición Musical', '2025-05-10 14:00:00', '2025-05-10 15:30:00', 'Salón Composición', 'Compositor', 70, 'Conferencia', TRUE),
(33, 'Expo Instrumentos', 'Instrumentos Étnicos', '2025-05-11 10:00:00', '2025-05-11 18:00:00', 'Galería Música', 'Músicos', 110, 'Exposición', TRUE),
(34, 'Concierto Jazz', 'Música Jazz', '2025-05-11 20:00:00', '2025-05-11 22:00:00', 'Sala Conciertos', 'Banda Jazz', 150, 'Concierto', TRUE),
(35, 'Debate Música Pop', 'Música Pop', '2025-05-12 11:00:00', '2025-05-12 13:00:00', 'Salón Música Pop', 'Críticos', 60, 'Otro', TRUE),
(36, 'Cierre Semana Música', 'Fin Semana Música', '2025-05-13 15:00:00', '2025-05-13 16:00:00', 'Estudio Música', 'Organizadores', 100, 'Otro', TRUE),
(37, 'Taller Literatura', 'Narrativa', '2025-06-05 10:00:00', '2025-06-05 12:00:00', 'Sala Literatura', 'Escritor', 25, 'Taller', FALSE),
(38, 'Charla Poesía', 'Poesía Moderna', '2025-06-05 14:00:00', '2025-06-05 15:30:00', 'Salón Poesía', 'Poeta', 70, 'Conferencia', TRUE),
(39, 'Expo Libros', 'Libros Raros', '2025-06-06 10:00:00', '2025-06-06 18:00:00', 'Galería Libros', 'Libreros', 120, 'Exposición', TRUE),
(40, 'Lectura Poemas', 'Lectura de Poemas', '2025-06-06 20:00:00', '2025-06-06 22:00:00', 'Sala Lectura', 'Poetas', 80, 'Otro', TRUE),
(41, 'Debate Novela', 'Novela Contemporánea', '2025-06-07 11:00:00', '2025-06-07 13:00:00', 'Salón Novela', 'Escritores', 60, 'Otro', TRUE),
(42, 'Cierre Semana Letras', 'Fin Semana Letras', '2025-06-08 15:00:00', '2025-06-08 16:00:00', 'Sala Literatura', 'Organizadores', 100, 'Otro', TRUE);

INSERT INTO inscripcion_evento (id_usuario, id_evento, metodo_pago, monto_pagado, fecha_pago, codigo_entrada, asistio, comentarios, calificacion) VALUES
(1, 65, 'Tarjeta Crédito', 50.00, '2024-03-05 12:00:00', 'ENTRADA123', TRUE, 'Buen evento', 4),
(2, 78, 'PayPal', 75.50, '2024-03-08 15:30:00', 'ENTRADA456', TRUE, 'Excelente organización', 5),
(3, 89, 'Transferencia', 0.00, '2024-03-09 10:00:00', 'ENTRADA789', FALSE, 'No asistí', NULL),
(4, 65, 'Tarjeta Crédito', 50.00, NULL, NULL, FALSE, 'Pago pendiente', NULL),
(5, 72, 'Efectivo', 100.00, '2024-03-12 18:00:00', 'ENTRADA234', TRUE, 'Muy interesante', 4),
(6, 91, 'PayPal', 80.00, '2024-03-15 09:45:00', 'ENTRADA567', TRUE, 'Recomendado', 5),
(7, 65, 'Tarjeta Crédito', 50.00, NULL, NULL, FALSE, 'Inscripción cancelada', NULL),
(8, 82, 'Transferencia', 60.00, '2024-03-18 14:20:00', 'ENTRADA890', TRUE, 'Todo bien', 3),
(9, 95, 'Efectivo', 120.00, '2024-03-20 11:10:00', 'ENTRADA345', TRUE, 'Gran experiencia', 5),
(10, 68, 'PayPal', 90.00, NULL, NULL, FALSE, 'Esperando pago', NULL),
(11, 71, 'Tarjeta Crédito', 55.00, '2024-04-02 16:55:00', 'ENTRADA678', TRUE, 'Me gustó mucho', 4),
(12, 84, 'Transferencia', 70.00, '2024-04-05 13:25:00', 'ENTRADA901', TRUE, 'Bueno', 3),
(13, 99, 'Efectivo', 0.00, '2024-04-07 17:00:00', 'ENTRADA456', FALSE, 'No pude asistir', NULL),
(14, 66, 'PayPal', 45.00, '2024-04-10 10:30:00', 'ENTRADA123', TRUE, 'Ok', 2),
(15, 75, 'Tarjeta Crédito', 110.00, '2024-04-13 12:15:00', 'ENTRADA789', TRUE, 'Excelente', 5),
(16, 88, 'Transferencia', 85.00, NULL, NULL, FALSE, 'Pago pendiente', NULL),
(17, 92, 'Efectivo', 65.00, '2024-04-16 19:40:00', 'ENTRADA234', TRUE, 'Interesante', 4),
(18, 69, 'PayPal', 105.00, '2024-04-19 08:00:00', 'ENTRADA567', TRUE, 'Muy bueno', 5),
(19, 79, 'Tarjeta Crédito', 78.00, '2024-04-22 14:50:00', 'ENTRADA890', TRUE, 'Bien', 3),
(20, 81, 'Transferencia', 95.00, '2024-04-25 11:20:00', 'ENTRADA345', TRUE, 'Genial', 5);

INSERT INTO patrocinio_evento (id_patrocinador, id_evento, tipo_aporte, monto_aportado, descripcion_aporte, fecha_acuerdo, beneficios_ofrecidos, estado, documento_acuerdo) VALUES
(1, 65, 'Económico', 10000.00, 'Aporte para logística', '2024-01-15', 'Logo en web, mención en evento', 'Confirmado', 'acuerdo_1.pdf'),
(2, 78, 'Especies', 5000.00, 'Material de oficina', '2024-02-20', 'Stand en evento', 'Confirmado', 'acuerdo_2.docx'),
(3, 89, 'Servicios', 8000.00, 'Catering evento', '2024-03-10', 'Publicidad en programa', 'Propuesto', 'acuerdo_3.pdf'),
(4, 65, 'Mixto', 12000.00, 'Aporte y bebidas', '2024-04-05', 'Patrocinador principal', 'Confirmado', 'acuerdo_4.pdf'),
(5, 72, 'Económico', 7000.00, 'Aporte para premios', '2024-05-12', 'Entradas VIP', 'Confirmado', 'acuerdo_5.docx'),
(6, 91, 'Especies', 3000.00, 'Equipos audio', '2024-06-01', 'Mención en redes', 'Confirmado', 'acuerdo_6.pdf'),
(7, 65, 'Servicios', 6000.00, 'Transporte artistas', '2024-07-18', 'Logo en escenario', 'Propuesto', 'acuerdo_7.docx'),
(8, 82, 'Mixto', 9000.00, 'Aporte y alojamiento', '2024-08-01', 'Patrocinador oro', 'Confirmado', 'acuerdo_8.pdf'),
(9, 95, 'Económico', 15000.00, 'Aporte para difusión', '2024-09-15', 'Patrocinador platino', 'Confirmado', 'acuerdo_9.pdf'),
(10, 68, 'Especies', 4000.00, 'Regalos asistentes', '2024-10-20', 'Módulo en feria', 'Confirmado', 'acuerdo_10.docx'),
(11, 71, 'Servicios', 5500.00, 'Seguridad evento', '2024-11-05', 'Agradecimiento público', 'Propuesto', 'acuerdo_11.pdf'),
(12, 84, 'Mixto', 8000.00, 'Aporte y comida', '2024-12-10', 'Patrocinador plata', 'Confirmado', 'acuerdo_12.docx'),
(13, 99, 'Económico', 11000.00, 'Aporte para artistas', '2025-01-20', 'Patrocinador principal', 'Confirmado', 'acuerdo_13.pdf'),
(14, 66, 'Especies', 2500.00, 'Material promocional', '2025-02-28', 'Mención en folletos', 'Confirmado', 'acuerdo_14.docx'),
(15, 75, 'Servicios', 7500.00, 'Cobertura fotográfica', '2025-03-15', 'Logo en photocall', 'Propuesto', 'acuerdo_15.pdf'),
(16, 88, 'Mixto', 10000.00, 'Aporte y merchandising', '2025-04-10', 'Patrocinador oro', 'Confirmado', 'acuerdo_16.docx'),
(17, 92, 'Económico', 14000.00, 'Aporte para producción', '2025-05-22', 'Patrocinador platino', 'Confirmado', 'acuerdo_17.pdf'),
(18, 69, 'Especies', 3500.00, 'Bebidas evento', '2025-06-30', 'Barra libre', 'Confirmado', 'acuerdo_18.docx'),
(19, 79, 'Servicios', 6500.00, 'Limpieza evento', '2025-07-15', 'Agradecimiento en cierre', 'Propuesto', 'acuerdo_19.pdf'),
(20, 81, 'Mixto', 9500.00, 'Aporte y decoración', '2025-08-01', 'Patrocinador plata', 'Confirmado', 'acuerdo_20.pdf');

INSERT INTO recursos_evento (id_evento, id_recurso, cantidad_asignada, fecha_asignacion, fecha_devolucion, estado, notas_uso, responsable_asignacion) VALUES
(65, 1, 2, '2024-03-01 10:00:00', '2024-03-05 18:00:00', 'Devuelto', 'En buen estado', 'Juan Pérez'),
(78, 3, 5, '2024-03-03 14:00:00', '2024-03-07 12:00:00', 'Devuelto', 'Falta un cable', 'María García'),
(89, 2, 1, '2024-03-05 09:00:00', NULL, 'Solicitado', 'Uso en conferencia', 'Carlos López'),
(65, 4, 3, '2024-03-10 11:00:00', '2024-03-12 17:00:00', 'Devuelto', 'Todo ok', 'Ana Martínez'),
(72, 5, 4, '2024-03-12 15:00:00', '2024-03-14 10:00:00', 'Devuelto', 'Revisar estado', 'Pedro Ramírez'),
(91, 1, 2, '2024-03-15 08:00:00', NULL, 'Solicitado', 'Para taller', 'Laura Sánchez'),
(65, 15, 1, '2024-03-18 16:00:00', '2024-03-20 19:00:00', 'Devuelto', 'Conexión intermitente', 'Javier Díaz'),
(82, 7, 2, '2024-03-20 10:00:00', '2024-03-22 14:00:00', 'Devuelto', 'Funciona perfecto', 'Isabel Torres'),
(95, 8, 4, '2024-03-22 12:00:00', '2024-03-24 16:00:00', 'Devuelto', 'Pequeño golpe', 'Roberto Vargas'),
(68, 9, 1, '2024-03-25 09:00:00', NULL, 'Solicitado', 'Uso en concierto', 'Sofía Ruiz'),
(71, 10, 2, '2024-04-01 11:00:00', '2024-04-03 18:00:00', 'Devuelto', 'En perfecto estado', 'Manuel Pérez'),
(84, 1, 1, '2024-04-03 15:00:00', '2024-04-05 12:00:00', 'Devuelto', 'Sin problemas', 'Carmen Gómez'),
(99, 3, 3, '2024-04-05 10:00:00', NULL, 'Solicitado', 'Para exposición', 'Andrés Fernández'),
(66, 2, 2, '2024-04-08 14:00:00', '2024-04-10 17:00:00', 'Devuelto', 'Cable dañado', 'Elena Jiménez'),
(75, 4, 5, '2024-04-10 09:00:00', '2024-04-12 11:00:00', 'Devuelto', 'Todo bien', 'Diego Sánchez'),
(88, 5, 1, '2024-04-12 13:00:00', NULL, 'Solicitado', 'Uso en taller', 'Paula Ruiz'),
(92, 6, 2, '2024-04-15 16:00:00', '2024-04-17 19:00:00', 'Devuelto', 'Funcionamiento ok', 'Sergio Torres'),
(69, 7, 3, '2024-04-17 10:00:00', '2024-04-19 14:00:00', 'Devuelto', 'Ligero desgaste', 'Natalia Vargas'),
(79, 8, 1, '2024-04-19 12:00:00', '2024-04-21 16:00:00', 'Devuelto', 'Perfecto estado', 'Ricardo Soto'),
(81, 9, 2, '2024-04-22 09:00:00', NULL, 'Solicitado', 'Para conferencia', 'Valeria Ríos');

INSERT INTO actividad_artista (id_actividad, id_artista, rol, hora_presentacion, duracion, cache_acordado, estado, notas) VALUES
(12, 1, 'Cantante', '2024-03-10 10:30:00', 60, 10000.00, 'Confirmado', 'Actuación principal'),
(45, 23, 'Ponente', '2024-03-10 11:30:00', 90, 5000.00, 'Confirmado', 'Charla magistral'),
(64, 69, 'Instructor', '2024-03-10 14:00:00', 120, 3000.00, 'Confirmado', 'Taller práctico'),
(67, 41, 'Expositor', '2024-03-11 10:00:00', 480, 2000.00, 'Confirmado', 'Exposición individual'),
(48, 62, 'Músico', '2024-03-11 20:00:00', 120, 8000.00, 'Confirmado', 'Concierto nocturno'),
(64, 65, 'Panelista', '2024-03-12 10:00:00', 120, 4000.00, 'Confirmado', 'Debate central'),
(50, 2, 'Presentador', '2024-03-12 16:00:00', 60, 2000.00, 'Confirmado', 'Cierre del evento'),
(12, 8, 'Ponente', '2024-04-05 10:00:00', 90, 6000.00, 'Confirmado', 'Apertura del evento'),
(2, 91, 'Instructor', '2024-04-05 12:00:00', 120, 3500.00, 'Confirmado', 'Taller avanzado'),
(63, 70, 'Expositor', '2024-04-06 10:00:00', 480, 2500.00, 'Confirmado', 'Exposición colectiva'),
(44, 99, 'Músico', '2024-04-06 20:00:00', 120, 7000.00, 'Confirmado', 'Concierto principal'),
(55, 12, 'Panelista', '2024-04-07 11:00:00', 120, 4500.00, 'Confirmado', 'Panel de discusión'),
(76, 10, 'Presentador', '2024-04-07 15:00:00', 60, 1500.00, 'Confirmado', 'Entrega de premios'),
(69, 14, 'Cantante', '2024-05-12 09:30:00', 60, 12000.00, 'Confirmado', 'Actuación especial'),
(1, 5, 'Ponente', '2024-05-12 11:00:00', 90, 5500.00, 'Confirmado', 'Conferencia magistral'),
(6, 90, 'Instructor', '2024-05-12 14:00:00', 120, 3200.00, 'Confirmado', 'Taller intensivo'),
(31, 9, 'Expositor', '2024-05-13 10:00:00', 480, 1800.00, 'Confirmado', 'Feria del libro'),
(87, 18, 'Músico', '2024-05-13 20:00:00', 120, 9000.00, 'Confirmado', 'Concierto de gala'),
(10, 39, 'Panelista', '2024-05-14 11:00:00', 120, 4200.00, 'Confirmado', 'Debate ético'),
(16, 40, 'Presentador', '2024-05-14 16:00:00', 60, 2200.00, 'Confirmado', 'Clausura del congreso');


INSERT INTO asistencia_actividad (id_inscripcion, id_actividad, hora_entrada, hora_salida, valoracion, comentario) VALUES
(17, 13, '2024-03-10 10:00:00', '2024-03-10 11:00:00', 4, 'Excelente inicio'),
(5, 19, '2024-03-10 11:30:00', '2024-03-10 13:00:00', 2, 'Muy interesante'),
(12, 8, '2024-03-10 14:00:00', '2024-03-10 16:00:00', 5, 'Gran taller'),
(2, 16, '2024-03-11 10:00:00', '2024-03-11 18:00:00', 3, 'Buena exposición'),
(19, 3, '2024-03-11 20:00:00', '2024-03-11 22:00:00', 5, 'Concierto increíble'),
(8, 11, '2024-03-12 10:00:00', '2024-03-12 12:00:00', 1, 'Debate enriquecedor'),
(15, 1, '2024-03-12 16:00:00', '2024-03-12 17:00:00', 2, 'Cierre emotivo'),
(7, 18, '2024-04-05 10:00:00', '2024-04-05 11:30:00', 4, 'Charla informativa'),
(11, 6, '2024-04-05 12:00:00', '2024-04-05 14:00:00', 3, 'Taller útil'),
(3, 14, '2024-04-06 10:00:00', '2024-04-06 18:00:00', 5, 'Exposición genial'),
(18, 9, '2024-04-06 20:00:00', '2024-04-06 22:00:00', 1, 'Noche mágica'),
(6, 4, '2024-04-07 11:00:00', '2024-04-07 13:00:00', 2, 'Panel interesante'),
(14, 2, '2024-04-07 15:00:00', '2024-04-07 16:00:00', 3, 'Emotiva premiación'),
(1, 20, '2024-05-12 09:00:00', '2024-05-12 10:00:00', 4, 'Apertura solemne'),
(20, 10, '2024-05-12 10:30:00', '2024-05-12 12:00:00', 5, 'Conferencia magistral'),
(9, 15, '2024-05-12 14:00:00', '2024-05-12 16:00:00', 1, 'Buen taller'),
(4, 12, '2024-05-13 10:00:00', '2024-05-13 18:00:00', 2, 'Interesante feria'),
(10, 7, '2024-05-13 20:00:00', '2024-05-13 22:00:00', 3, 'Concierto elegante'),
(13, 5, '2024-05-14 11:00:00', '2024-05-14 13:00:00', 4, 'Debate profundo'),
(3, 17, '2024-05-14 16:00:00', '2024-05-14 17:00:00', 5, 'Cierre memorable');